dataset,heuristic,model,method,optimization,prefix_length,idx,desired_nr_of_cfs,generated_cfs,time_train,time_test,runtime,distance_l2,distance_mad,distance_j,distance_h,distance_l1j,distance_l2j,distance_mh,distance_l2_min,distance_mad_min,distance_j_min,distance_h_min,distance_l1j_min,distance_l2j_min,distance_mh_min,distance_l2_max,distance_mad_max,distance_j_max,distance_h_max,distance_l1j_max,distance_l2j_max,distance_mh_max,diversity_l2,diversity_mad,diversity_j,diversity_h,diversity_l2j,diversity_mh,diversity_l2_min,diversity_mad_min,diversity_j_min,diversity_h_min,diversity_l2j_min,diversity_mh_min,diversity_l2_max,diversity_mad_max,diversity_j_max,diversity_h_max,diversity_l2j_max,diversity_mh_max,count_diversity_cont,count_diversity_cate,count_diversity_all,avg_nbr_changes_per_cf,avg_nbr_changes,implausibility_sum,implausibility_max_nbr_cf,implausibility_nbr_cf,sat_score
synthetic_data,heuristic_1,xgboost,genetic_ltlf_baseline_operators,baseline,7,1,5,5,0.023861,1.896949,1.92081,0.0,0.0,0.5142857142857142,0.5142857142857142,0.44999999999999996,0.44999999999999996,0.44999999999999996,0.0,0.0,0.42857142857142855,0.42857142857142855,0.375,0.375,0.375,0.0,0.0,0.5714285714285714,0.5714285714285714,0.5,0.5,0.5,0.0,0.0,0.6428571428571429,0.6428571428571429,0.5625,0.5625,0.0,0.0,0.42857142857142855,0.42857142857142855,0.375,0.375,0.0,0.0,0.7142857142857143,0.7142857142857143,0.625,0.625,0.0,0.1125,0.1125,1.8,0.225,2.571428571428571,0.5142857142857142,0.5142857142857142,1.0
synthetic_data,heuristic_1,xgboost,genetic_ltlf_baseline_operators,baseline,7,1,10,10,0.023861,2.385176,2.409037,0.0,0.0,0.3571428571428571,0.3571428571428571,0.31249999999999994,0.31249999999999994,0.31249999999999994,0.0,0.0,0.0,0.0,0.0,0.0,0.0,0.0,0.0,0.5714285714285714,0.5714285714285714,0.5,0.5,0.5,0.0,0.0,0.4952380952380952,0.4952380952380952,0.4333333333333333,0.4333333333333333,0.0,0.0,0.2857142857142857,0.2857142857142857,0.25,0.25,0.0,0.0,0.8571428571428571,0.8571428571428571,0.75,0.75,0.0,0.0975,0.0975,1.25,0.15625,3.571428571428571,0.3571428571428571,0.3571428571428571,1.0
synthetic_data,heuristic_1,xgboost,genetic_ltlf_baseline_operators,baseline,7,1,15,15,0.023861,3.624515,3.6483760000000003,0.0,0.0,0.32380952380952377,0.32380952380952377,0.2833333333333333,0.2833333333333333,0.2833333333333333,0.0,0.0,0.0,0.0,0.0,0.0,0.0,0.0,0.0,0.5714285714285714,0.5714285714285714,0.5,0.5,0.5,0.0,0.0,0.4217687074829931,0.4217687074829931,0.36904761904761896,0.36904761904761896,0.0,0.0,0.14285714285714285,0.14285714285714285,0.125,0.125,0.0,0.0,0.7142857142857143,0.7142857142857143,0.625,0.625,0.0,0.08611111111111111,0.08611111111111111,1.1333333333333333,0.14166666666666666,4.857142857142857,0.32380952380952377,0.32380952380952377,1.0
synthetic_data,heuristic_1,xgboost,genetic_ltlf_baseline_operators,baseline,7,1,20,20,0.023861,3.291236,3.315097,0.0,0.0,0.35,0.35,0.30624999999999997,0.30624999999999997,0.30624999999999997,0.0,0.0,0.0,0.0,0.0,0.0,0.0,0.0,0.0,0.42857142857142855,0.42857142857142855,0.375,0.375,0.375,0.0,0.0,0.43157894736842106,0.43157894736842106,0.37763157894736843,0.37763157894736843,0.0,0.0,0.14285714285714285,0.14285714285714285,0.125,0.125,0.0,0.0,0.8571428571428571,0.8571428571428571,0.75,0.75,0.0,0.0896875,0.0896875,1.225,0.153125,7.0,0.35,0.35,1.0
synthetic_data,heuristic_1,xgboost,genetic_ltlf_baseline_operators,baseline,7,2,5,5,0.023861,1.87099,1.8948509999999998,0.0,0.0,0.6,0.6,0.525,0.525,0.525,0.0,0.0,0.42857142857142855,0.42857142857142855,0.375,0.375,0.375,0.0,0.0,0.7142857142857143,0.7142857142857143,0.625,0.625,0.625,0.0,0.0,0.6142857142857143,0.6142857142857143,0.5375000000000001,0.5375000000000001,0.0,0.0,0.2857142857142857,0.2857142857142857,0.25,0.25,0.0,0.0,0.7142857142857143,0.7142857142857143,0.625,0.625,0.0,0.1075,0.1075,2.1,0.2625,3.5714285714285716,0.7142857142857143,0.7142857142857143,1.0
synthetic_data,heuristic_1,xgboost,genetic_ltlf_baseline_operators,baseline,7,2,10,10,0.023861,2.301895,2.325756,0.0,0.0,0.557142857142857,0.557142857142857,0.48749999999999993,0.48749999999999993,0.48749999999999993,0.0,0.0,0.14285714285714285,0.14285714285714285,0.125,0.125,0.125,0.0,0.0,0.8571428571428571,0.8571428571428571,0.75,0.75,0.75,0.0,0.0,0.6000000000000001,0.6000000000000001,0.5250000000000001,0.5250000000000001,0.0,0.0,0.2857142857142857,0.2857142857142857,0.25,0.25,0.0,0.0,0.8571428571428571,0.8571428571428571,0.75,0.75,0.0,0.118125,0.118125,1.95,0.24375,5.571428571428571,0.5571428571428572,0.5571428571428572,1.0
synthetic_data,heuristic_1,xgboost,genetic_ltlf_baseline_operators,baseline,7,2,15,15,0.023861,2.840284,2.864145,0.0,0.0,0.5047619047619049,0.5047619047619049,0.44166666666666676,0.44166666666666676,0.44166666666666676,0.0,0.0,0.14285714285714285,0.14285714285714285,0.125,0.125,0.125,0.0,0.0,0.8571428571428571,0.8571428571428571,0.75,0.75,0.75,0.0,0.0,0.583673469387755,0.583673469387755,0.5107142857142857,0.5107142857142857,0.0,0.0,0.14285714285714285,0.14285714285714285,0.125,0.125,0.0,0.0,0.8571428571428571,0.8571428571428571,0.75,0.75,0.0,0.11916666666666667,0.11916666666666667,1.7666666666666666,0.22083333333333333,9.57142857142857,0.6380952380952379,0.6380952380952379,1.0
synthetic_data,heuristic_1,xgboost,genetic_ltlf_baseline_operators,baseline,7,2,20,20,0.023861,3.389086,3.412947,0.0,0.0,0.5285714285714285,0.5285714285714285,0.4624999999999999,0.4624999999999999,0.4624999999999999,0.0,0.0,0.0,0.0,0.0,0.0,0.0,0.0,0.0,0.8571428571428571,0.8571428571428571,0.75,0.75,0.75,0.0,0.0,0.5902255639097744,0.5902255639097744,0.5164473684210527,0.5164473684210527,0.0,0.0,0.14285714285714285,0.14285714285714285,0.125,0.125,0.0,0.0,0.8571428571428571,0.8571428571428571,0.75,0.75,0.0,0.12265625,0.12265625,1.85,0.23125,12.285714285714283,0.6142857142857141,0.6142857142857141,1.0
synthetic_data,heuristic_1,xgboost,genetic_ltlf,baseline,7,1,5,5,0.01336,3.510807,3.524167,0.0,0.0,0.14285714285714285,0.14285714285714285,0.125,0.125,0.125,0.0,0.0,0.14285714285714285,0.14285714285714285,0.125,0.125,0.125,0.0,0.0,0.14285714285714285,0.14285714285714285,0.125,0.125,0.125,0.0,0.0,0.2571428571428571,0.2571428571428571,0.22499999999999998,0.22499999999999998,0.0,0.0,0.14285714285714285,0.14285714285714285,0.125,0.125,0.0,0.0,0.2857142857142857,0.2857142857142857,0.25,0.25,0.0,0.045,0.045,0.5,0.0625,0.7142857142857142,0.14285714285714285,0.14285714285714285,1.0
synthetic_data,heuristic_1,xgboost,genetic_ltlf,baseline,7,1,10,10,0.01336,4.85235,4.86571,0.0,0.0,0.1714285714285714,0.1714285714285714,0.14999999999999997,0.14999999999999997,0.14999999999999997,0.0,0.0,0.0,0.0,0.0,0.0,0.0,0.0,0.0,0.2857142857142857,0.2857142857142857,0.25,0.25,0.25,0.0,0.0,0.26031746031746034,0.26031746031746034,0.2277777777777778,0.2277777777777778,0.0,0.0,0.14285714285714285,0.14285714285714285,0.125,0.125,0.0,0.0,0.42857142857142855,0.42857142857142855,0.375,0.375,0.0,0.05125,0.05125,0.6,0.075,1.714285714285714,0.1714285714285714,0.1714285714285714,1.0
synthetic_data,heuristic_1,xgboost,genetic_ltlf,baseline,7,1,15,15,0.01336,6.620622,6.633982,0.0,0.0,0.19999999999999998,0.19999999999999998,0.175,0.175,0.175,0.0,0.0,0.0,0.0,0.0,0.0,0.0,0.0,0.0,0.2857142857142857,0.2857142857142857,0.25,0.25,0.25,0.0,0.0,0.2870748299319727,0.2870748299319727,0.25119047619047613,0.25119047619047613,0.0,0.0,0.14285714285714285,0.14285714285714285,0.125,0.125,0.0,0.0,0.42857142857142855,0.42857142857142855,0.375,0.375,0.0,0.058611111111111114,0.058611111111111114,0.7,0.0875,2.999999999999999,0.19999999999999993,0.19999999999999993,1.0
synthetic_data,heuristic_1,xgboost,genetic_ltlf,baseline,7,1,20,20,0.01336,8.497399,8.510759,0.0,0.0,0.20714285714285713,0.20714285714285713,0.18125,0.18125,0.18125,0.0,0.0,0.0,0.0,0.0,0.0,0.0,0.0,0.0,0.2857142857142857,0.2857142857142857,0.25,0.25,0.25,0.0,0.0,0.2969924812030075,0.29624060150375936,0.2598684210526315,0.25921052631578945,0.0,0.0,0.14285714285714285,0.14285714285714285,0.125,0.125,0.0,0.0,0.42857142857142855,0.42857142857142855,0.375,0.375,0.0,0.0615625,0.0615625,0.725,0.090625,4.1428571428571415,0.20714285714285707,0.20714285714285707,1.0
synthetic_data,heuristic_1,xgboost,genetic_ltlf,baseline,7,2,5,5,0.01336,3.285482,3.298842,0.0,0.0,0.37142857142857144,0.37142857142857144,0.325,0.325,0.325,0.0,0.0,0.2857142857142857,0.2857142857142857,0.25,0.25,0.25,0.0,0.0,0.42857142857142855,0.42857142857142855,0.375,0.375,0.375,0.0,0.0,0.5428571428571429,0.5428571428571429,0.4750000000000001,0.4750000000000001,0.0,0.0,0.14285714285714285,0.14285714285714285,0.125,0.125,0.0,0.0,0.7142857142857143,0.7142857142857143,0.625,0.625,0.0,0.095,0.095,1.3,0.1625,4.285714285714286,0.8571428571428571,0.8571428571428571,1.0
synthetic_data,heuristic_1,xgboost,genetic_ltlf,baseline,7,2,10,10,0.01336,5.90262,5.915979999999999,0.0,0.0,0.29999999999999993,0.29999999999999993,0.26249999999999996,0.26249999999999996,0.26249999999999996,0.0,0.0,0.14285714285714285,0.14285714285714285,0.125,0.125,0.125,0.0,0.0,0.8571428571428571,0.8571428571428571,0.75,0.75,0.75,0.0,0.0,0.4666666666666667,0.4666666666666667,0.4083333333333333,0.4083333333333333,0.0,0.0,0.14285714285714285,0.14285714285714285,0.125,0.125,0.0,0.0,0.8571428571428571,0.8571428571428571,0.75,0.75,0.0,0.091875,0.091875,1.05,0.13125,6.857142857142857,0.6857142857142857,0.6857142857142857,1.0
synthetic_data,heuristic_1,xgboost,genetic_ltlf,baseline,7,2,15,15,0.01336,7.813413,7.826772999999999,0.0,0.0,0.3428571428571428,0.3428571428571428,0.29999999999999993,0.29999999999999993,0.29999999999999993,0.0,0.0,0.0,0.0,0.0,0.0,0.0,0.0,0.0,0.8571428571428571,0.8571428571428571,0.75,0.75,0.75,0.0,0.0,0.46802721088435373,0.46802721088435373,0.4095238095238095,0.4095238095238095,0.0,0.0,0.14285714285714285,0.14285714285714285,0.125,0.125,0.0,0.0,0.8571428571428571,0.8571428571428571,0.75,0.75,0.0,0.09555555555555556,0.09555555555555556,1.2,0.15,10.857142857142858,0.7238095238095238,0.7238095238095238,1.0
synthetic_data,heuristic_1,xgboost,genetic_ltlf,baseline,7,2,20,20,0.01336,8.400705,8.414065,0.0,0.0,0.32142857142857145,0.32142857142857145,0.28125,0.28125,0.28125,0.0,0.0,0.0,0.0,0.0,0.0,0.0,0.0,0.0,0.8571428571428571,0.8571428571428571,0.75,0.75,0.75,0.0,0.0,0.4368421052631578,0.4368421052631578,0.3822368421052631,0.3822368421052631,0.0,0.0,0.14285714285714285,0.14285714285714285,0.125,0.125,0.0,0.0,0.8571428571428571,0.8571428571428571,0.75,0.75,0.0,0.09078125,0.09078125,1.125,0.140625,13.714285714285712,0.6857142857142856,0.6857142857142856,1.0
synthetic_data,heuristic_2,xgboost,genetic_ltlf,baseline,7,1,5,5,0.01553,3.883247,3.898777,0.0,0.0,0.17142857142857143,0.17142857142857143,0.15,0.15,0.15,0.0,0.0,0.0,0.0,0.0,0.0,0.0,0.0,0.0,0.2857142857142857,0.2857142857142857,0.25,0.25,0.25,0.0,0.0,0.2857142857142857,0.2857142857142857,0.25,0.25,0.0,0.0,0.14285714285714285,0.14285714285714285,0.125,0.125,0.0,0.0,0.42857142857142855,0.42857142857142855,0.375,0.375,0.0,0.05,0.05,0.6,0.075,0.8571428571428571,0.17142857142857143,0.17142857142857143,1.0
synthetic_data,heuristic_2,xgboost,genetic_ltlf,baseline,7,1,10,10,0.01553,5.738409,5.753939,0.0,0.0,0.18571428571428567,0.18571428571428567,0.16249999999999995,0.16249999999999995,0.16249999999999995,0.0,0.0,0.0,0.0,0.0,0.0,0.0,0.0,0.0,0.2857142857142857,0.2857142857142857,0.25,0.25,0.25,0.0,0.0,0.27354497354497354,0.2698412698412699,0.23935185185185184,0.23611111111111116,0.0,0.0,0.14285714285714285,0.14285714285714285,0.125,0.125,0.0,0.0,0.42857142857142855,0.42857142857142855,0.375,0.375,0.0,0.053125,0.053125,0.65,0.08125,1.8571428571428568,0.18571428571428567,0.18571428571428567,1.0
synthetic_data,heuristic_2,xgboost,genetic_ltlf,baseline,7,1,15,15,0.01553,7.867166,7.882696,0.0,0.0,0.1904761904761904,0.1904761904761904,0.1666666666666666,0.1666666666666666,0.1666666666666666,0.0,0.0,0.0,0.0,0.0,0.0,0.0,0.0,0.0,0.2857142857142857,0.2857142857142857,0.25,0.25,0.25,0.0,0.0,0.3006802721088434,0.2993197278911564,0.263095238095238,0.26190476190476186,0.0,0.0,0.14285714285714285,0.14285714285714285,0.125,0.125,0.0,0.0,0.42857142857142855,0.42857142857142855,0.375,0.375,0.0,0.06111111111111111,0.06111111111111111,0.6666666666666666,0.08333333333333333,2.8571428571428563,0.1904761904761904,0.1904761904761904,1.0
synthetic_data,heuristic_2,xgboost,genetic_ltlf,baseline,7,1,20,20,0.01553,9.906021,9.921551000000001,0.0,0.0,0.2642857142857143,0.2642857142857143,0.23125,0.23125,0.23125,0.0,0.0,0.0,0.0,0.0,0.0,0.0,0.0,0.0,0.42857142857142855,0.42857142857142855,0.375,0.375,0.375,0.0,0.0,0.34974937343358387,0.3458646616541353,0.3060307017543859,0.3026315789473684,0.0,0.0,0.14285714285714285,0.14285714285714285,0.125,0.125,0.0,0.0,0.5714285714285714,0.5714285714285714,0.5,0.5,0.0,0.071875,0.071875,0.925,0.115625,5.285714285714285,0.26428571428571423,0.26428571428571423,1.0
synthetic_data,heuristic_2,xgboost,genetic_ltlf,baseline,7,2,5,5,0.01553,3.324449,3.339979,0.0,0.0,0.5428571428571429,0.5428571428571429,0.4750000000000001,0.4750000000000001,0.4750000000000001,0.0,0.0,0.42857142857142855,0.42857142857142855,0.375,0.375,0.375,0.0,0.0,0.5714285714285714,0.5714285714285714,0.5,0.5,0.5,0.0,0.0,0.3714285714285714,0.3714285714285714,0.32499999999999996,0.32499999999999996,0.0,0.0,0.14285714285714285,0.14285714285714285,0.125,0.125,0.0,0.0,0.5714285714285714,0.5714285714285714,0.5,0.5,0.0,0.065,0.065,1.9,0.2375,3.7142857142857144,0.7428571428571429,0.7428571428571429,1.0
synthetic_data,heuristic_2,xgboost,genetic_ltlf,baseline,7,2,10,10,0.01553,39.792811,39.808341,0.0,0.0,0.4285714285714285,0.4285714285714285,0.37499999999999994,0.37499999999999994,0.37499999999999994,0.0,0.0,0.14285714285714285,0.14285714285714285,0.125,0.125,0.125,0.0,0.0,0.8571428571428571,0.8571428571428571,0.75,0.75,0.75,0.0,0.0,0.5939682539682541,0.5777777777777778,0.5197222222222224,0.5055555555555556,0.0,0.0,0.16666666666666666,0.14285714285714285,0.14583333333333331,0.125,0.0,0.0,1.0,1.0,0.875,0.875,0.0,0.11375,0.11375,1.5,0.1875,7.142857142857142,0.7142857142857142,0.7142857142857142,1.0
synthetic_data,heuristic_2,xgboost,genetic_ltlf,baseline,7,2,15,15,0.01553,55.710501,55.726031,0.0,0.0,0.5047619047619046,0.5047619047619046,0.44166666666666654,0.44166666666666654,0.44166666666666654,0.0,0.0,0.14285714285714285,0.14285714285714285,0.125,0.125,0.125,0.0,0.0,0.8571428571428571,0.8571428571428571,0.75,0.75,0.75,0.0,0.0,0.6664399092970521,0.6639455782312924,0.5831349206349206,0.5809523809523809,0.0,0.0,0.14285714285714285,0.14285714285714285,0.125,0.125,0.0,0.0,1.0,1.0,0.875,0.875,0.0,0.13555555555555557,0.13555555555555557,1.7666666666666666,0.22083333333333333,9.714285714285714,0.6476190476190475,0.6476190476190475,1.0
synthetic_data,heuristic_2,xgboost,genetic_ltlf,baseline,7,2,20,20,0.01553,74.972902,74.988432,0.0,0.0,0.4428571428571428,0.4428571428571428,0.38749999999999996,0.38749999999999996,0.38749999999999996,0.0,0.0,0.0,0.0,0.0,0.0,0.0,0.0,0.0,0.8571428571428571,0.8571428571428571,0.75,0.75,0.75,0.0,0.0,0.5952631578947367,0.5924812030075187,0.5208552631578947,0.5184210526315789,0.0,0.0,0.14285714285714285,0.14285714285714285,0.125,0.125,0.0,0.0,1.0,1.0,0.875,0.875,0.0,0.123125,0.123125,1.55,0.19375,13.71428571428571,0.6857142857142855,0.6857142857142855,1.0
synthetic_data,mar,xgboost,genetic_ltlf,baseline,7,1,5,5,0.013949,7.569343,7.583292,0.0,0.0,0.6,0.6,0.525,0.525,0.525,0.0,0.0,0.42857142857142855,0.42857142857142855,0.375,0.375,0.375,0.0,0.0,0.7142857142857143,0.7142857142857143,0.625,0.625,0.625,0.0,0.0,0.7,0.7,0.6124999999999999,0.6124999999999999,0.0,0.0,0.2857142857142857,0.2857142857142857,0.25,0.25,0.0,0.0,0.8571428571428571,0.8571428571428571,0.75,0.75,0.0,0.1225,0.1225,2.1,0.2625,3.0,0.6,0.6,1.0
synthetic_data,mar,xgboost,genetic_ltlf,baseline,7,1,10,10,0.013949,21.089652,21.103601,0.0,0.0,0.6,0.6,0.525,0.525,0.525,0.0,0.0,0.0,0.0,0.0,0.0,0.0,0.0,0.0,0.7142857142857143,0.7142857142857143,0.625,0.625,0.625,0.0,0.0,0.6095238095238095,0.6095238095238095,0.5333333333333333,0.5333333333333333,0.0,0.0,0.14285714285714285,0.14285714285714285,0.125,0.125,0.0,0.0,0.8571428571428571,0.8571428571428571,0.75,0.75,0.0,0.12,0.12,2.1,0.2625,6.0,0.6,0.6,1.0
synthetic_data,mar,xgboost,genetic_ltlf,baseline,7,1,15,15,0.013949,29.949133,29.963082,0.0,0.0,0.5333333333333333,0.5333333333333333,0.4666666666666667,0.4666666666666667,0.4666666666666667,0.0,0.0,0.0,0.0,0.0,0.0,0.0,0.0,0.0,0.7142857142857143,0.7142857142857143,0.625,0.625,0.625,0.0,0.0,0.6748299319727891,0.6748299319727891,0.5904761904761904,0.5904761904761904,0.0,0.0,0.14285714285714285,0.14285714285714285,0.125,0.125,0.0,0.0,0.8571428571428571,0.8571428571428571,0.75,0.75,0.0,0.13777777777777778,0.13777777777777778,1.8666666666666667,0.23333333333333334,8.0,0.5333333333333333,0.5333333333333333,1.0
synthetic_data,mar,xgboost,genetic_ltlf,baseline,7,1,20,20,0.013949,46.565826,46.579775,0.0,0.0,0.5785714285714284,0.5785714285714284,0.5062499999999999,0.5062499999999999,0.5062499999999999,0.0,0.0,0.0,0.0,0.0,0.0,0.0,0.0,0.0,0.7142857142857143,0.7142857142857143,0.625,0.625,0.625,0.0,0.0,0.6917293233082706,0.6917293233082706,0.6052631578947368,0.6052631578947368,0.0,0.0,0.14285714285714285,0.14285714285714285,0.125,0.125,0.0,0.0,0.8571428571428571,0.8571428571428571,0.75,0.75,0.0,0.14375,0.14375,2.025,0.253125,11.571428571428568,0.5785714285714284,0.5785714285714284,1.0
synthetic_data,mar,xgboost,genetic_ltlf,baseline,7,2,5,5,0.013949,8.562592,8.576541,0.0,0.0,0.5428571428571429,0.5428571428571429,0.4750000000000001,0.4750000000000001,0.4750000000000001,0.0,0.0,0.42857142857142855,0.42857142857142855,0.375,0.375,0.375,0.0,0.0,0.5714285714285714,0.5714285714285714,0.5,0.5,0.5,0.0,0.0,0.3714285714285714,0.3714285714285714,0.32499999999999996,0.32499999999999996,0.0,0.0,0.14285714285714285,0.14285714285714285,0.125,0.125,0.0,0.0,0.5714285714285714,0.5714285714285714,0.5,0.5,0.0,0.065,0.065,1.9,0.2375,3.7142857142857144,0.7428571428571429,0.7428571428571429,1.0
synthetic_data,mar,xgboost,genetic_ltlf,baseline,7,2,10,10,0.013949,19.599385,19.613334000000002,0.0,0.0,0.5285714285714286,0.5285714285714286,0.4625,0.4625,0.4625,0.0,0.0,0.14285714285714285,0.14285714285714285,0.125,0.125,0.125,0.0,0.0,0.8571428571428571,0.8571428571428571,0.75,0.75,0.75,0.0,0.0,0.5492063492063493,0.5492063492063493,0.4805555555555556,0.4805555555555556,0.0,0.0,0.14285714285714285,0.14285714285714285,0.125,0.125,0.0,0.0,0.8571428571428571,0.8571428571428571,0.75,0.75,0.0,0.108125,0.108125,1.85,0.23125,6.571428571428571,0.6571428571428571,0.6571428571428571,1.0
synthetic_data,mar,xgboost,genetic_ltlf,baseline,7,2,15,15,0.013949,260.225765,260.23971400000005,0.0,0.0,0.5102040816326531,0.5102040816326531,0.44642857142857145,0.44642857142857145,0.44642857142857145,0.0,0.0,0.14285714285714285,0.14285714285714285,0.125,0.125,0.125,0.0,0.0,0.8571428571428571,0.8571428571428571,0.75,0.75,0.75,0.0,0.0,0.618524332810047,0.618524332810047,0.5412087912087912,0.5412087912087912,0.0,0.0,0.14285714285714285,0.14285714285714285,0.125,0.125,0.0,0.0,0.8571428571428571,0.8571428571428571,0.75,0.75,0.0,0.1256377551020408,0.1256377551020408,1.7857142857142858,0.22321428571428573,8.857142857142856,0.5904761904761904,0.6326530612244897,1.0
synthetic_data,mar,xgboost,genetic_ltlf,baseline,7,2,20,20,0.013949,406.564119,406.57806800000003,0.0,0.0,0.4736842105263157,0.4736842105263157,0.4144736842105262,0.4144736842105262,0.4144736842105262,0.0,0.0,0.0,0.0,0.0,0.0,0.0,0.0,0.0,0.8571428571428571,0.8571428571428571,0.75,0.75,0.75,0.0,0.0,0.6106934001670844,0.6106934001670844,0.5343567251461988,0.5343567251461988,0.0,0.0,0.14285714285714285,0.14285714285714285,0.125,0.125,0.0,0.0,0.8571428571428571,0.8571428571428571,0.75,0.75,0.0,0.12655817174515235,0.12655817174515235,1.6578947368421053,0.20723684210526316,12.857142857142856,0.6428571428571428,0.6766917293233082,1.0
synthetic_data,heuristic_1,xgboost,genetic_ltlf_baseline_operators,baseline,9,1,5,5,0.029951,2.125851,2.155802,0.0,0.0,0.15555555555555556,0.15555555555555556,0.14,0.14,0.14,0.0,0.0,0.0,0.0,0.0,0.0,0.0,0.0,0.0,0.2222222222222222,0.2222222222222222,0.19999999999999998,0.19999999999999998,0.19999999999999998,0.0,0.0,0.2,0.2,0.18000000000000002,0.18000000000000002,0.0,0.0,0.1111111111111111,0.1111111111111111,0.09999999999999999,0.09999999999999999,0.0,0.0,0.2222222222222222,0.2222222222222222,0.19999999999999998,0.19999999999999998,0.0,0.036,0.036,0.7,0.07,0.7777777777777778,0.15555555555555556,0.15555555555555556,1.0
synthetic_data,heuristic_1,xgboost,genetic_ltlf_baseline_operators,baseline,9,1,10,10,0.029951,2.916687,2.946638,0.0,0.0,0.22222222222222224,0.22222222222222224,0.2,0.2,0.2,0.0,0.0,0.1111111111111111,0.1111111111111111,0.09999999999999999,0.09999999999999999,0.09999999999999999,0.0,0.0,0.3333333333333333,0.3333333333333333,0.3,0.3,0.3,0.0,0.0,0.24691358024691348,0.24691358024691348,0.22222222222222213,0.22222222222222213,0.0,0.0,0.1111111111111111,0.1111111111111111,0.09999999999999999,0.09999999999999999,0.0,0.0,0.3333333333333333,0.3333333333333333,0.3,0.3,0.0,0.05,0.05,1.0,0.1,2.2222222222222223,0.22222222222222224,0.22222222222222224,1.0
synthetic_data,heuristic_1,xgboost,genetic_ltlf_baseline_operators,baseline,9,1,15,15,0.029951,3.525702,3.555653,0.0,0.0,0.2888888888888889,0.2888888888888889,0.26,0.26,0.26,0.0,0.0,0.1111111111111111,0.1111111111111111,0.09999999999999999,0.09999999999999999,0.09999999999999999,0.0,0.0,0.5555555555555556,0.5555555555555556,0.5,0.5,0.5,0.0,0.0,0.36190476190476195,0.36190476190476195,0.3257142857142858,0.3257142857142858,0.0,0.0,0.1111111111111111,0.1111111111111111,0.09999999999999999,0.09999999999999999,0.0,0.0,0.6666666666666666,0.6666666666666666,0.6,0.6,0.0,0.076,0.076,1.3,0.13,4.333333333333334,0.2888888888888889,0.2888888888888889,1.0
synthetic_data,heuristic_1,xgboost,genetic_ltlf_baseline_operators,baseline,9,1,20,20,0.029951,4.261792,4.291742999999999,0.0,0.0,0.2777777777777778,0.2777777777777778,0.25,0.25,0.25,0.0,0.0,0.0,0.0,0.0,0.0,0.0,0.0,0.0,0.5555555555555556,0.5555555555555556,0.5,0.5,0.5,0.0,0.0,0.36140350877192984,0.36140350877192984,0.32526315789473687,0.32526315789473687,0.0,0.0,0.1111111111111111,0.1111111111111111,0.09999999999999999,0.09999999999999999,0.0,0.0,0.6666666666666666,0.6666666666666666,0.6,0.6,0.0,0.07725,0.07725,1.25,0.125,5.555555555555555,0.2777777777777778,0.2777777777777778,1.0
synthetic_data,heuristic_1,xgboost,genetic_ltlf_baseline_operators,baseline,9,2,5,5,0.029951,2.152542,2.182493,0.0,0.0,0.8,0.8,0.7200000000000001,0.7200000000000001,0.7200000000000001,0.0,0.0,0.4444444444444444,0.4444444444444444,0.39999999999999997,0.39999999999999997,0.39999999999999997,0.0,0.0,0.8888888888888888,0.8888888888888888,0.7999999999999999,0.7999999999999999,0.7999999999999999,0.0,0.0,0.4222222222222222,0.4222222222222222,0.38,0.38,0.0,0.0,0.1111111111111111,0.1111111111111111,0.09999999999999999,0.09999999999999999,0.0,0.0,0.7777777777777778,0.7777777777777778,0.7000000000000001,0.7000000000000001,0.0,0.076,0.076,3.6,0.36,1.3333333333333335,0.2666666666666667,0.2666666666666667,1.0
synthetic_data,heuristic_1,xgboost,genetic_ltlf_baseline_operators,baseline,9,2,10,10,0.029951,2.928035,2.957986,0.0,0.0,0.7333333333333334,0.7333333333333334,0.66,0.66,0.66,0.0,0.0,0.5555555555555556,0.5555555555555556,0.5,0.5,0.5,0.0,0.0,0.7777777777777778,0.7777777777777778,0.7000000000000001,0.7000000000000001,0.7000000000000001,0.0,0.0,0.38765432098765423,0.38765432098765423,0.3488888888888888,0.3488888888888888,0.0,0.0,0.1111111111111111,0.1111111111111111,0.09999999999999999,0.09999999999999999,0.0,0.0,0.6666666666666666,0.6666666666666666,0.6,0.6,0.0,0.0785,0.0785,3.3,0.33,4.555555555555555,0.45555555555555555,0.45555555555555555,1.0
synthetic_data,heuristic_1,xgboost,genetic_ltlf_baseline_operators,baseline,9,2,15,15,0.029951,4.058942,4.088893,0.0,0.0,0.7555555555555558,0.7555555555555558,0.6800000000000002,0.6800000000000002,0.6800000000000002,0.0,0.0,0.5555555555555556,0.5555555555555556,0.5,0.5,0.5,0.0,0.0,0.8888888888888888,0.8888888888888888,0.7999999999999999,0.7999999999999999,0.7999999999999999,0.0,0.0,0.4349206349206349,0.4349206349206349,0.3914285714285714,0.3914285714285714,0.0,0.0,0.1111111111111111,0.1111111111111111,0.09999999999999999,0.09999999999999999,0.0,0.0,0.6666666666666666,0.6666666666666666,0.6,0.6,0.0,0.09133333333333334,0.09133333333333334,3.4,0.34,6.222222222222223,0.41481481481481486,0.41481481481481486,1.0
synthetic_data,heuristic_1,xgboost,genetic_ltlf_baseline_operators,baseline,9,2,20,20,0.029951,4.477275,4.507225999999999,0.0,0.0,0.7722222222222224,0.7722222222222224,0.6950000000000002,0.6950000000000002,0.6950000000000002,0.0,0.0,0.4444444444444444,0.4444444444444444,0.39999999999999997,0.39999999999999997,0.39999999999999997,0.0,0.0,0.8888888888888888,0.8888888888888888,0.7999999999999999,0.7999999999999999,0.7999999999999999,0.0,0.0,0.40701754385964917,0.40701754385964917,0.36631578947368426,0.36631578947368426,0.0,0.0,0.1111111111111111,0.1111111111111111,0.09999999999999999,0.09999999999999999,0.0,0.0,0.8888888888888888,0.8888888888888888,0.7999999999999999,0.7999999999999999,0.0,0.087,0.087,3.475,0.3475,6.5555555555555545,0.3277777777777777,0.3277777777777777,1.0
synthetic_data,heuristic_1,xgboost,genetic_ltlf,baseline,9,1,5,5,0.031779,4.246775,4.278554000000001,0.0,0.0,0.15555555555555556,0.15555555555555556,0.14,0.14,0.14,0.0,0.0,0.0,0.0,0.0,0.0,0.0,0.0,0.0,0.2222222222222222,0.2222222222222222,0.19999999999999998,0.19999999999999998,0.19999999999999998,0.0,0.0,0.2,0.2,0.18000000000000002,0.18000000000000002,0.0,0.0,0.1111111111111111,0.1111111111111111,0.09999999999999999,0.09999999999999999,0.0,0.0,0.2222222222222222,0.2222222222222222,0.19999999999999998,0.19999999999999998,0.0,0.036,0.036,0.7,0.07,0.7777777777777778,0.15555555555555556,0.15555555555555556,1.0
synthetic_data,heuristic_1,xgboost,genetic_ltlf,baseline,9,1,10,10,0.031779,7.047067,7.078846,0.0,0.0,0.22222222222222224,0.22222222222222224,0.2,0.2,0.2,0.0,0.0,0.1111111111111111,0.1111111111111111,0.09999999999999999,0.09999999999999999,0.09999999999999999,0.0,0.0,0.3333333333333333,0.3333333333333333,0.3,0.3,0.3,0.0,0.0,0.24444444444444435,0.24444444444444435,0.21999999999999992,0.21999999999999992,0.0,0.0,0.1111111111111111,0.1111111111111111,0.09999999999999999,0.09999999999999999,0.0,0.0,0.3333333333333333,0.3333333333333333,0.3,0.3,0.0,0.0495,0.0495,1.0,0.1,2.2222222222222228,0.22222222222222227,0.22222222222222227,1.0
synthetic_data,heuristic_1,xgboost,genetic_ltlf,baseline,9,1,15,15,0.031779,9.36034,9.392119000000001,0.0,0.0,0.2592592592592593,0.2592592592592593,0.23333333333333336,0.23333333333333336,0.23333333333333336,0.0,0.0,0.1111111111111111,0.1111111111111111,0.09999999999999999,0.09999999999999999,0.09999999999999999,0.0,0.0,0.3333333333333333,0.3333333333333333,0.3,0.3,0.3,0.0,0.0,0.3333333333333333,0.3333333333333333,0.3,0.3,0.0,0.0,0.1111111111111111,0.1111111111111111,0.09999999999999999,0.09999999999999999,0.0,0.0,0.5555555555555556,0.5555555555555556,0.5,0.5,0.0,0.07,0.07,1.1666666666666667,0.11666666666666667,3.88888888888889,0.25925925925925936,0.25925925925925936,1.0
synthetic_data,heuristic_1,xgboost,genetic_ltlf,baseline,9,1,20,20,0.031779,12.097975,12.129754,0.0,0.0,0.22777777777777777,0.22777777777777777,0.205,0.205,0.205,0.0,0.0,0.0,0.0,0.0,0.0,0.0,0.0,0.0,0.4444444444444444,0.4444444444444444,0.39999999999999997,0.39999999999999997,0.39999999999999997,0.0,0.0,0.2822368421052632,0.2818713450292398,0.2540131578947369,0.2536842105263158,0.0,0.0,0.1111111111111111,0.1111111111111111,0.09999999999999999,0.09999999999999999,0.0,0.0,0.4444444444444444,0.4444444444444444,0.39999999999999997,0.39999999999999997,0.0,0.06025,0.06025,1.025,0.1025,4.555555555555556,0.2277777777777778,0.2277777777777778,1.0
synthetic_data,heuristic_1,xgboost,genetic_ltlf,baseline,9,2,5,5,0.031779,4.079798,4.1115770000000005,0.0,0.0,0.711111111111111,0.711111111111111,0.6399999999999999,0.6399999999999999,0.6399999999999999,0.0,0.0,0.4444444444444444,0.4444444444444444,0.39999999999999997,0.39999999999999997,0.39999999999999997,0.0,0.0,0.8888888888888888,0.8888888888888888,0.7999999999999999,0.7999999999999999,0.7999999999999999,0.0,0.0,0.6333333333333333,0.6333333333333333,0.57,0.57,0.0,0.0,0.1111111111111111,0.1111111111111111,0.09999999999999999,0.09999999999999999,0.0,0.0,0.8888888888888888,0.8888888888888888,0.7999999999999999,0.7999999999999999,0.0,0.114,0.114,3.2,0.32,2.0,0.4,0.4,1.0
synthetic_data,heuristic_1,xgboost,genetic_ltlf,baseline,9,2,10,10,0.031779,6.298425,6.330204,0.0,0.0,0.611111111111111,0.611111111111111,0.5499999999999999,0.5499999999999999,0.5499999999999999,0.0,0.0,0.4444444444444444,0.4444444444444444,0.39999999999999997,0.39999999999999997,0.39999999999999997,0.0,0.0,0.7777777777777778,0.7777777777777778,0.7000000000000001,0.7000000000000001,0.7000000000000001,0.0,0.0,0.4719135802469135,0.4716049382716048,0.42472222222222217,0.42444444444444435,0.0,0.0,0.1111111111111111,0.1111111111111111,0.09999999999999999,0.09999999999999999,0.0,0.0,0.7777777777777778,0.7777777777777778,0.7000000000000001,0.7000000000000001,0.0,0.0955,0.0955,2.75,0.275,6.222222222222221,0.6222222222222221,0.6222222222222221,1.0
synthetic_data,heuristic_1,xgboost,genetic_ltlf,baseline,9,2,15,15,0.031779,8.545367,8.577146,0.0,0.0,0.5851851851851853,0.5851851851851853,0.5266666666666667,0.5266666666666667,0.5266666666666667,0.0,0.0,0.2222222222222222,0.2222222222222222,0.19999999999999998,0.19999999999999998,0.19999999999999998,0.0,0.0,0.8888888888888888,0.8888888888888888,0.7999999999999999,0.7999999999999999,0.7999999999999999,0.0,0.0,0.6126984126984127,0.6126984126984127,0.5514285714285715,0.5514285714285715,0.0,0.0,0.1111111111111111,0.1111111111111111,0.09999999999999999,0.09999999999999999,0.0,0.0,0.8888888888888888,0.8888888888888888,0.7999999999999999,0.7999999999999999,0.0,0.12866666666666668,0.12866666666666668,2.6333333333333333,0.2633333333333333,8.666666666666664,0.5777777777777776,0.5777777777777776,1.0
synthetic_data,heuristic_1,xgboost,genetic_ltlf,baseline,9,2,20,20,0.031779,11.665411,11.69719,0.0,0.0,0.49444444444444446,0.49444444444444446,0.445,0.445,0.445,0.0,0.0,0.3333333333333333,0.3333333333333333,0.3,0.3,0.3,0.0,0.0,0.8888888888888888,0.8888888888888888,0.7999999999999999,0.7999999999999999,0.7999999999999999,0.0,0.0,0.5535818713450291,0.5532163742690058,0.4982236842105262,0.4978947368421053,0.0,0.0,0.1111111111111111,0.1111111111111111,0.09999999999999999,0.09999999999999999,0.0,0.0,0.8888888888888888,0.8888888888888888,0.7999999999999999,0.7999999999999999,0.0,0.11825,0.11825,2.225,0.2225,14.333333333333334,0.7166666666666667,0.7166666666666667,1.0
synthetic_data,heuristic_2,xgboost,genetic_ltlf,baseline,9,1,5,5,0.009873,4.384481,4.394354,0.0,0.0,0.15555555555555556,0.15555555555555556,0.14,0.14,0.14,0.0,0.0,0.0,0.0,0.0,0.0,0.0,0.0,0.0,0.2222222222222222,0.2222222222222222,0.19999999999999998,0.19999999999999998,0.19999999999999998,0.0,0.0,0.2,0.2,0.18000000000000002,0.18000000000000002,0.0,0.0,0.1111111111111111,0.1111111111111111,0.09999999999999999,0.09999999999999999,0.0,0.0,0.2222222222222222,0.2222222222222222,0.19999999999999998,0.19999999999999998,0.0,0.036,0.036,0.7,0.07,0.7777777777777778,0.15555555555555556,0.15555555555555556,1.0
synthetic_data,heuristic_2,xgboost,genetic_ltlf,baseline,9,1,10,10,0.009873,7.613093,7.622966,0.0,0.0,0.22222222222222218,0.22222222222222218,0.19999999999999996,0.19999999999999996,0.19999999999999996,0.0,0.0,0.1111111111111111,0.1111111111111111,0.09999999999999999,0.09999999999999999,0.09999999999999999,0.0,0.0,0.3333333333333333,0.3333333333333333,0.3,0.3,0.3,0.0,0.0,0.24691358024691362,0.24691358024691362,0.22222222222222227,0.22222222222222227,0.0,0.0,0.1111111111111111,0.1111111111111111,0.09999999999999999,0.09999999999999999,0.0,0.0,0.3333333333333333,0.3333333333333333,0.3,0.3,0.0,0.05,0.05,1.0,0.1,2.2222222222222228,0.22222222222222227,0.22222222222222227,1.0
synthetic_data,heuristic_2,xgboost,genetic_ltlf,baseline,9,1,15,15,0.009873,10.352767,10.36264,0.0,0.0,0.3407407407407408,0.3407407407407408,0.3066666666666667,0.3066666666666667,0.3066666666666667,0.0,0.0,0.1111111111111111,0.1111111111111111,0.09999999999999999,0.09999999999999999,0.09999999999999999,0.0,0.0,0.5555555555555556,0.5555555555555556,0.5,0.5,0.5,0.0,0.0,0.41069538926681787,0.4031746031746032,0.36962585034013606,0.3628571428571429,0.0,0.0,0.1111111111111111,0.1111111111111111,0.09999999999999999,0.09999999999999999,0.0,0.0,0.6666666666666666,0.6666666666666666,0.6,0.6,0.0,0.08466666666666667,0.08466666666666667,1.5333333333333334,0.15333333333333332,5.111111111111112,0.3407407407407408,0.3407407407407408,1.0
synthetic_data,heuristic_2,xgboost,genetic_ltlf,baseline,9,1,20,20,0.009873,12.75973,12.769603,0.0,0.0,0.23333333333333334,0.23333333333333334,0.21000000000000002,0.21000000000000002,0.21000000000000002,0.0,0.0,0.0,0.0,0.0,0.0,0.0,0.0,0.0,0.4444444444444444,0.4444444444444444,0.39999999999999997,0.39999999999999997,0.39999999999999997,0.0,0.0,0.30672514619883046,0.3064327485380117,0.27605263157894744,0.2757894736842106,0.0,0.0,0.1111111111111111,0.1111111111111111,0.09999999999999999,0.09999999999999999,0.0,0.0,0.5555555555555556,0.5555555555555556,0.5,0.5,0.0,0.0655,0.0655,1.05,0.105,4.666666666666668,0.2333333333333334,0.2333333333333334,1.0
synthetic_data,heuristic_2,xgboost,genetic_ltlf,baseline,9,2,5,5,0.009873,4.263506,4.273378999999999,0.0,0.0,0.8,0.8,0.7200000000000001,0.7200000000000001,0.7200000000000001,0.0,0.0,0.4444444444444444,0.4444444444444444,0.39999999999999997,0.39999999999999997,0.39999999999999997,0.0,0.0,0.8888888888888888,0.8888888888888888,0.7999999999999999,0.7999999999999999,0.7999999999999999,0.0,0.0,0.4222222222222222,0.4222222222222222,0.38,0.38,0.0,0.0,0.1111111111111111,0.1111111111111111,0.09999999999999999,0.09999999999999999,0.0,0.0,0.7777777777777778,0.7777777777777778,0.7000000000000001,0.7000000000000001,0.0,0.076,0.076,3.6,0.36,1.3333333333333335,0.2666666666666667,0.2666666666666667,1.0
synthetic_data,heuristic_2,xgboost,genetic_ltlf,baseline,9,2,10,10,0.009873,7.383254,7.393127,0.0,0.0,0.6666666666666667,0.6666666666666667,0.6000000000000001,0.6000000000000001,0.6000000000000001,0.0,0.0,0.3333333333333333,0.3333333333333333,0.3,0.3,0.3,0.0,0.0,0.8888888888888888,0.8888888888888888,0.7999999999999999,0.7999999999999999,0.7999999999999999,0.0,0.0,0.5259259259259259,0.5259259259259259,0.47333333333333333,0.47333333333333333,0.0,0.0,0.1111111111111111,0.1111111111111111,0.09999999999999999,0.09999999999999999,0.0,0.0,0.8888888888888888,0.8888888888888888,0.7999999999999999,0.7999999999999999,0.0,0.1065,0.1065,3.0,0.3,4.777777777777778,0.47777777777777775,0.47777777777777775,1.0
synthetic_data,heuristic_2,xgboost,genetic_ltlf,baseline,9,2,15,15,0.009873,10.221808,10.231681,0.0,0.0,0.6962962962962963,0.6962962962962963,0.6266666666666667,0.6266666666666667,0.6266666666666667,0.0,0.0,0.3333333333333333,0.3333333333333333,0.3,0.3,0.3,0.0,0.0,0.8888888888888888,0.8888888888888888,0.7999999999999999,0.7999999999999999,0.7999999999999999,0.0,0.0,0.5947278911564625,0.5915343915343916,0.5352551020408163,0.5323809523809524,0.0,0.0,0.1111111111111111,0.1111111111111111,0.09999999999999999,0.09999999999999999,0.0,0.0,0.8888888888888888,0.8888888888888888,0.7999999999999999,0.7999999999999999,0.0,0.12422222222222222,0.12422222222222222,3.1333333333333333,0.31333333333333335,7.333333333333334,0.48888888888888893,0.48888888888888893,1.0
synthetic_data,heuristic_2,xgboost,genetic_ltlf,baseline,9,2,20,20,0.009873,13.113821,13.123694,0.0,0.0,0.75,0.75,0.675,0.675,0.675,0.0,0.0,0.3333333333333333,0.3333333333333333,0.3,0.3,0.3,0.0,0.0,0.8888888888888888,0.8888888888888888,0.7999999999999999,0.7999999999999999,0.7999999999999999,0.0,0.0,0.49254385964912284,0.49239766081871345,0.44328947368421057,0.4431578947368421,0.0,0.0,0.1111111111111111,0.1111111111111111,0.09999999999999999,0.09999999999999999,0.0,0.0,0.8888888888888888,0.8888888888888888,0.7999999999999999,0.7999999999999999,0.0,0.10525,0.10525,3.375,0.3375,7.444444444444445,0.37222222222222223,0.37222222222222223,1.0
synthetic_data,mar,xgboost,genetic_ltlf,baseline,9,1,5,5,0.019131,15.11877,15.137901,0.0,0.0,0.15555555555555556,0.15555555555555556,0.14,0.14,0.14,0.0,0.0,0.0,0.0,0.0,0.0,0.0,0.0,0.0,0.2222222222222222,0.2222222222222222,0.19999999999999998,0.19999999999999998,0.19999999999999998,0.0,0.0,0.2,0.2,0.18000000000000002,0.18000000000000002,0.0,0.0,0.1111111111111111,0.1111111111111111,0.09999999999999999,0.09999999999999999,0.0,0.0,0.2222222222222222,0.2222222222222222,0.19999999999999998,0.19999999999999998,0.0,0.036,0.036,0.7,0.07,0.7777777777777778,0.15555555555555556,0.15555555555555556,1.0
synthetic_data,mar,xgboost,genetic_ltlf,baseline,9,1,10,10,0.019131,24.333698,24.352829,0.0,0.0,0.22222222222222224,0.22222222222222224,0.2,0.2,0.2,0.0,0.0,0.1111111111111111,0.1111111111111111,0.09999999999999999,0.09999999999999999,0.09999999999999999,0.0,0.0,0.3333333333333333,0.3333333333333333,0.3,0.3,0.3,0.0,0.0,0.24691358024691362,0.24691358024691362,0.22222222222222227,0.22222222222222227,0.0,0.0,0.1111111111111111,0.1111111111111111,0.09999999999999999,0.09999999999999999,0.0,0.0,0.3333333333333333,0.3333333333333333,0.3,0.3,0.0,0.05,0.05,1.0,0.1,2.2222222222222228,0.22222222222222227,0.22222222222222227,1.0
synthetic_data,mar,xgboost,genetic_ltlf,baseline,9,1,15,15,0.019131,28.851405,28.870536,0.0,0.0,0.3111111111111111,0.3111111111111111,0.28,0.28,0.28,0.0,0.0,0.1111111111111111,0.1111111111111111,0.09999999999999999,0.09999999999999999,0.09999999999999999,0.0,0.0,0.5555555555555556,0.5555555555555556,0.5,0.5,0.5,0.0,0.0,0.38624338624338633,0.38624338624338633,0.3476190476190477,0.3476190476190477,0.0,0.0,0.1111111111111111,0.1111111111111111,0.09999999999999999,0.09999999999999999,0.0,0.0,0.6666666666666666,0.6666666666666666,0.6,0.6,0.0,0.0811111111111111,0.0811111111111111,1.4,0.14,4.666666666666668,0.31111111111111117,0.31111111111111117,1.0
synthetic_data,mar,xgboost,genetic_ltlf,baseline,9,1,20,20,0.019131,41.381873,41.401004,0.0,0.0,0.26111111111111107,0.26111111111111107,0.23499999999999996,0.23499999999999996,0.23499999999999996,0.0,0.0,0.0,0.0,0.0,0.0,0.0,0.0,0.0,0.5555555555555556,0.5555555555555556,0.5,0.5,0.5,0.0,0.0,0.3526315789473684,0.3526315789473684,0.3173684210526316,0.3173684210526316,0.0,0.0,0.1111111111111111,0.1111111111111111,0.09999999999999999,0.09999999999999999,0.0,0.0,0.6666666666666666,0.6666666666666666,0.6,0.6,0.0,0.075375,0.075375,1.175,0.1175,5.222222222222222,0.2611111111111111,0.2611111111111111,1.0
synthetic_data,mar,xgboost,genetic_ltlf,baseline,9,2,5,5,0.019131,15.606823,15.625954,0.0,0.0,0.8,0.8,0.7200000000000001,0.7200000000000001,0.7200000000000001,0.0,0.0,0.4444444444444444,0.4444444444444444,0.39999999999999997,0.39999999999999997,0.39999999999999997,0.0,0.0,0.8888888888888888,0.8888888888888888,0.7999999999999999,0.7999999999999999,0.7999999999999999,0.0,0.0,0.4222222222222222,0.4222222222222222,0.38,0.38,0.0,0.0,0.1111111111111111,0.1111111111111111,0.09999999999999999,0.09999999999999999,0.0,0.0,0.7777777777777778,0.7777777777777778,0.7000000000000001,0.7000000000000001,0.0,0.076,0.076,3.6,0.36,1.3333333333333335,0.2666666666666667,0.2666666666666667,1.0
synthetic_data,mar,xgboost,genetic_ltlf,baseline,9,2,10,10,0.019131,22.572929,22.59206,0.0,0.0,0.8222222222222223,0.8222222222222223,0.7400000000000001,0.7400000000000001,0.7400000000000001,0.0,0.0,0.6666666666666666,0.6666666666666666,0.6,0.6,0.6,0.0,0.0,0.8888888888888888,0.8888888888888888,0.7999999999999999,0.7999999999999999,0.7999999999999999,0.0,0.0,0.3012345679012345,0.3012345679012345,0.271111111111111,0.271111111111111,0.0,0.0,0.1111111111111111,0.1111111111111111,0.09999999999999999,0.09999999999999999,0.0,0.0,0.5555555555555556,0.5555555555555556,0.5,0.5,0.0,0.061,0.061,3.7,0.37,2.666666666666667,0.2666666666666667,0.2666666666666667,1.0
synthetic_data,mar,xgboost,genetic_ltlf,baseline,9,2,15,15,0.019131,28.587745,28.606876000000003,0.0,0.0,0.7777777777777779,0.7777777777777779,0.7000000000000002,0.7000000000000002,0.7000000000000002,0.0,0.0,0.5555555555555556,0.5555555555555556,0.5,0.5,0.5,0.0,0.0,0.8888888888888888,0.8888888888888888,0.7999999999999999,0.7999999999999999,0.7999999999999999,0.0,0.0,0.5174603174603174,0.5174603174603174,0.4657142857142857,0.4657142857142857,0.0,0.0,0.1111111111111111,0.1111111111111111,0.09999999999999999,0.09999999999999999,0.0,0.0,0.8888888888888888,0.8888888888888888,0.7999999999999999,0.7999999999999999,0.0,0.10866666666666666,0.10866666666666666,3.5,0.35,6.111111111111111,0.4074074074074074,0.4074074074074074,1.0
synthetic_data,mar,xgboost,genetic_ltlf,baseline,9,2,20,20,0.019131,43.040332,43.059463,0.0,0.0,0.7944444444444445,0.7944444444444445,0.7150000000000001,0.7150000000000001,0.7150000000000001,0.0,0.0,0.4444444444444444,0.4444444444444444,0.39999999999999997,0.39999999999999997,0.39999999999999997,0.0,0.0,0.8888888888888888,0.8888888888888888,0.7999999999999999,0.7999999999999999,0.7999999999999999,0.0,0.0,0.41345029239766073,0.41345029239766073,0.37210526315789466,0.37210526315789466,0.0,0.0,0.1111111111111111,0.1111111111111111,0.09999999999999999,0.09999999999999999,0.0,0.0,0.8888888888888888,0.8888888888888888,0.7999999999999999,0.7999999999999999,0.0,0.088375,0.088375,3.575,0.3575,6.333333333333334,0.3166666666666667,0.3166666666666667,1.0
synthetic_data,heuristic_1,xgboost,genetic_ltlf_baseline_operators,baseline,11,1,5,5,0.022208,2.956402,2.97861,0.0,0.0,0.4727272727272728,0.4727272727272728,0.43333333333333335,0.43333333333333335,0.43333333333333335,0.0,0.0,0.18181818181818182,0.18181818181818182,0.16666666666666666,0.16666666666666666,0.16666666666666666,0.0,0.0,0.6363636363636364,0.6363636363636364,0.5833333333333333,0.5833333333333333,0.5833333333333333,0.0,0.0,0.36363636363636365,0.36363636363636365,0.3333333333333333,0.3333333333333333,0.0,0.0,0.09090909090909091,0.09090909090909091,0.08333333333333333,0.08333333333333333,0.0,0.0,0.6363636363636364,0.6363636363636364,0.5833333333333333,0.5833333333333333,0.0,0.06666666666666667,0.06666666666666667,2.6,0.21666666666666667,2.3636363636363638,0.4727272727272728,0.4727272727272728,1.0
synthetic_data,heuristic_1,xgboost,genetic_ltlf_baseline_operators,baseline,11,1,10,10,0.022208,2.784729,2.806937,0.0,0.0,0.49090909090909085,0.49090909090909085,0.44999999999999996,0.44999999999999996,0.44999999999999996,0.0,0.0,0.18181818181818182,0.18181818181818182,0.16666666666666666,0.16666666666666666,0.16666666666666666,0.0,0.0,0.6363636363636364,0.6363636363636364,0.5833333333333333,0.5833333333333333,0.5833333333333333,0.0,0.0,0.5284848484848484,0.5272727272727272,0.4844444444444444,0.4833333333333333,0.0,0.0,0.09090909090909091,0.09090909090909091,0.08333333333333333,0.08333333333333333,0.0,0.0,0.8181818181818182,0.8181818181818182,0.75,0.75,0.0,0.10875,0.10875,2.7,0.225,4.909090909090908,0.49090909090909085,0.49090909090909085,1.0
synthetic_data,heuristic_1,xgboost,genetic_ltlf_baseline_operators,baseline,11,1,15,15,0.022208,3.426761,3.448969,0.0,0.0,0.4606060606060606,0.4606060606060606,0.42222222222222217,0.42222222222222217,0.42222222222222217,0.0,0.0,0.18181818181818182,0.18181818181818182,0.16666666666666666,0.16666666666666666,0.16666666666666666,0.0,0.0,0.6363636363636364,0.6363636363636364,0.5833333333333333,0.5833333333333333,0.5833333333333333,0.0,0.0,0.5151515151515151,0.5151515151515151,0.4722222222222222,0.4722222222222222,0.0,0.0,0.09090909090909091,0.09090909090909091,0.08333333333333333,0.08333333333333333,0.0,0.0,0.7272727272727273,0.7272727272727273,0.6666666666666666,0.6666666666666666,0.0,0.11018518518518519,0.11018518518518519,2.533333333333333,0.2111111111111111,6.909090909090908,0.4606060606060606,0.4606060606060606,1.0
synthetic_data,heuristic_1,xgboost,genetic_ltlf_baseline_operators,baseline,11,1,20,20,0.022208,4.037103,4.059311,0.0,0.0,0.43181818181818177,0.43181818181818177,0.39583333333333326,0.39583333333333326,0.39583333333333326,0.0,0.0,0.36363636363636365,0.36363636363636365,0.3333333333333333,0.3333333333333333,0.3333333333333333,0.0,0.0,0.5454545454545454,0.5454545454545454,0.49999999999999994,0.49999999999999994,0.49999999999999994,0.0,0.0,0.5269377990430621,0.5267942583732057,0.48302631578947364,0.4828947368421052,0.0,0.0,0.09090909090909091,0.09090909090909091,0.08333333333333333,0.08333333333333333,0.0,0.0,0.8181818181818182,0.8181818181818182,0.75,0.75,0.0,0.1146875,0.1146875,2.375,0.19791666666666666,8.636363636363633,0.43181818181818166,0.43181818181818166,1.0
synthetic_data,heuristic_1,xgboost,genetic_ltlf_baseline_operators,baseline,11,2,5,5,0.022208,2.087207,2.109415,0.0,0.0,0.537979797979798,0.49090909090909085,0.49314814814814817,0.49314814814814817,0.44999999999999996,0.0,0.0,0.4444444444444444,0.36363636363636365,0.4074074074074074,0.4074074074074074,0.3333333333333333,0.0,0.0,0.6,0.5454545454545454,0.5499999999999999,0.5499999999999999,0.49999999999999994,0.0,0.0,0.5090909090909091,0.4818181818181818,0.4666666666666667,0.44166666666666665,0.0,0.0,0.36363636363636365,0.36363636363636365,0.3333333333333333,0.3333333333333333,0.0,0.0,0.7,0.6363636363636364,0.6416666666666666,0.5833333333333333,0.0,0.08833333333333333,0.08833333333333333,2.7,0.225,3.8181818181818183,0.7636363636363637,0.7636363636363637,1.0
synthetic_data,heuristic_1,xgboost,genetic_ltlf_baseline_operators,baseline,11,2,10,10,0.022208,11.710186,11.732394,0.0,0.0,0.5417171717171717,0.4909090909090909,0.49657407407407406,0.49657407407407406,0.44999999999999996,0.0,0.0,0.0,0.0,0.0,0.0,0.0,0.0,0.0,0.7,0.6363636363636364,0.6416666666666666,0.6416666666666666,0.5833333333333333,0.0,0.0,0.5648035914702582,0.5313131313131313,0.5177366255144032,0.487037037037037,0.0,0.0,0.18181818181818182,0.18181818181818182,0.16666666666666666,0.16666666666666666,0.0,0.0,0.7272727272727273,0.7272727272727273,0.6666666666666666,0.6666666666666666,0.0,0.10958333333333334,0.10958333333333334,2.7,0.225,7.454545454545455,0.7454545454545455,0.7454545454545455,1.0
synthetic_data,heuristic_1,xgboost,genetic_ltlf_baseline_operators,baseline,11,2,15,15,0.022208,6.859322,6.88153,0.0,0.0,0.5006060606060606,0.45454545454545453,0.45888888888888885,0.45888888888888885,0.41666666666666663,0.0,0.0,0.1111111111111111,0.09090909090909091,0.10185185185185185,0.10185185185185185,0.08333333333333333,0.0,0.0,0.7272727272727273,0.7272727272727273,0.6666666666666666,0.6666666666666666,0.6666666666666666,0.0,0.0,0.5786435786435787,0.5471861471861472,0.5304232804232805,0.5015873015873016,0.0,0.0,0.1111111111111111,0.09090909090909091,0.10185185185185185,0.08333333333333333,0.0,0.0,0.8181818181818182,0.8181818181818182,0.75,0.75,0.0,0.11703703703703704,0.11703703703703704,2.5,0.20833333333333334,11.636363636363637,0.7757575757575758,0.7757575757575758,1.0
synthetic_data,heuristic_1,xgboost,genetic_ltlf_baseline_operators,baseline,11,2,20,20,0.022208,29.484465,29.506673,0.0,0.0,0.5249494949494949,0.47727272727272724,0.4812037037037037,0.4812037037037037,0.43749999999999994,0.0,0.0,0.1111111111111111,0.09090909090909091,0.10185185185185185,0.10185185185185185,0.08333333333333333,0.0,0.0,0.8181818181818182,0.8181818181818182,0.75,0.75,0.75,0.0,0.0,0.6377937267410952,0.6047846889952154,0.5846442495126706,0.5543859649122808,0.0,0.0,0.1,0.09090909090909091,0.09166666666666667,0.08333333333333333,0.0,0.0,0.9090909090909091,0.9090909090909091,0.8333333333333333,0.8333333333333333,0.0,0.13166666666666665,0.13166666666666665,2.625,0.21875,15.909090909090908,0.7954545454545454,0.7954545454545454,1.0
synthetic_data,heuristic_1,xgboost,genetic_ltlf,baseline,11,1,5,5,0.020887,4.148541,4.169428,0.0,0.0,0.34545454545454546,0.34545454545454546,0.31666666666666665,0.31666666666666665,0.31666666666666665,0.0,0.0,0.18181818181818182,0.18181818181818182,0.16666666666666666,0.16666666666666666,0.16666666666666666,0.0,0.0,0.45454545454545453,0.45454545454545453,0.41666666666666663,0.41666666666666663,0.41666666666666663,0.0,0.0,0.3926262626262626,0.3727272727272727,0.35990740740740734,0.3416666666666666,0.0,0.0,0.1111111111111111,0.09090909090909091,0.10185185185185185,0.08333333333333333,0.0,0.0,0.5,0.45454545454545453,0.4583333333333333,0.41666666666666663,0.0,0.06833333333333333,0.06833333333333333,1.9,0.15833333333333333,1.7272727272727273,0.34545454545454546,0.34545454545454546,1.0
synthetic_data,heuristic_1,xgboost,genetic_ltlf,baseline,11,1,10,10,0.020887,6.960239,6.981126,0.0,0.0,0.32727272727272727,0.32727272727272727,0.3,0.3,0.3,0.0,0.0,0.18181818181818182,0.18181818181818182,0.16666666666666666,0.16666666666666666,0.16666666666666666,0.0,0.0,0.45454545454545453,0.45454545454545453,0.41666666666666663,0.41666666666666663,0.41666666666666663,0.0,0.0,0.4056565656565657,0.402020202020202,0.3718518518518519,0.36851851851851847,0.0,0.0,0.18181818181818182,0.18181818181818182,0.16666666666666666,0.16666666666666666,0.0,0.0,0.6363636363636364,0.6363636363636364,0.5833333333333333,0.5833333333333333,0.0,0.08291666666666667,0.08291666666666667,1.8,0.15,3.272727272727273,0.32727272727272727,0.32727272727272727,1.0
synthetic_data,heuristic_1,xgboost,genetic_ltlf,baseline,11,1,15,15,0.020887,9.721003,9.74189,0.0,0.0,0.3151515151515151,0.3151515151515151,0.28888888888888886,0.28888888888888886,0.28888888888888886,0.0,0.0,0.18181818181818182,0.18181818181818182,0.16666666666666666,0.16666666666666666,0.16666666666666666,0.0,0.0,0.45454545454545453,0.45454545454545453,0.41666666666666663,0.41666666666666663,0.41666666666666663,0.0,0.0,0.38874458874458867,0.38874458874458867,0.35634920634920625,0.35634920634920625,0.0,0.0,0.09090909090909091,0.09090909090909091,0.08333333333333333,0.08333333333333333,0.0,0.0,0.5454545454545454,0.5454545454545454,0.49999999999999994,0.49999999999999994,0.0,0.08314814814814815,0.08314814814814815,1.7333333333333334,0.14444444444444443,4.727272727272727,0.3151515151515151,0.3151515151515151,1.0
synthetic_data,heuristic_1,xgboost,genetic_ltlf,baseline,11,1,20,20,0.020887,12.230947,12.251834,0.0,0.0,0.4045454545454545,0.4045454545454545,0.37083333333333324,0.37083333333333324,0.37083333333333324,0.0,0.0,0.2727272727272727,0.2727272727272727,0.24999999999999997,0.24999999999999997,0.24999999999999997,0.0,0.0,0.5454545454545454,0.5454545454545454,0.49999999999999994,0.49999999999999994,0.49999999999999994,0.0,0.0,0.48593301435406694,0.48468899521531095,0.445438596491228,0.444298245614035,0.0,0.0,0.1,0.09090909090909091,0.09166666666666667,0.08333333333333333,0.0,0.0,0.6363636363636364,0.6363636363636364,0.5833333333333333,0.5833333333333333,0.0,0.10552083333333333,0.10552083333333333,2.225,0.18541666666666667,8.090909090909088,0.40454545454545443,0.40454545454545443,1.0
synthetic_data,heuristic_1,xgboost,genetic_ltlf,baseline,11,2,5,5,0.020887,4.293473,4.31436,0.0,0.0,0.4597979797979798,0.4,0.42148148148148146,0.42148148148148146,0.3666666666666667,0.0,0.0,0.4,0.36363636363636365,0.3666666666666667,0.3666666666666667,0.3333333333333333,0.0,0.0,0.5555555555555556,0.45454545454545453,0.5092592592592593,0.5092592592592593,0.41666666666666663,0.0,0.0,0.563939393939394,0.5181818181818182,0.5169444444444444,0.475,0.0,0.0,0.2222222222222222,0.18181818181818182,0.2037037037037037,0.16666666666666666,0.0,0.0,0.7777777777777778,0.6363636363636364,0.7129629629629629,0.5833333333333333,0.0,0.095,0.095,2.2,0.18333333333333332,4.090909090909091,0.8181818181818181,0.8181818181818181,1.0
synthetic_data,heuristic_1,xgboost,genetic_ltlf,baseline,11,2,10,10,0.020887,6.766819,6.787706,0.0,0.0,0.3466666666666666,0.3,0.3177777777777777,0.3177777777777777,0.27499999999999997,0.0,0.0,0.0,0.0,0.0,0.0,0.0,0.0,0.0,0.4444444444444444,0.36363636363636365,0.4074074074074074,0.4074074074074074,0.3333333333333333,0.0,0.0,0.4565207631874299,0.40606060606060607,0.41847736625514403,0.37222222222222223,0.0,0.0,0.3,0.2727272727272727,0.27499999999999997,0.24999999999999997,0.0,0.0,0.7,0.6363636363636364,0.6416666666666666,0.5833333333333333,0.0,0.08375,0.08375,1.65,0.1375,8.363636363636363,0.8363636363636363,0.8363636363636363,1.0
synthetic_data,heuristic_1,xgboost,genetic_ltlf,baseline,11,2,15,15,0.020887,9.940551,9.961438,0.0,0.0,0.3687542087542088,0.3272727272727272,0.3380246913580247,0.3380246913580247,0.29999999999999993,0.0,0.0,0.1111111111111111,0.09090909090909091,0.10185185185185185,0.10185185185185185,0.08333333333333333,0.0,0.0,0.7272727272727273,0.7272727272727273,0.6666666666666666,0.6666666666666666,0.6666666666666666,0.0,0.0,0.5034439634439635,0.4640692640692641,0.46149029982363315,0.4253968253968254,0.0,0.0,0.1111111111111111,0.09090909090909091,0.10185185185185185,0.08333333333333333,0.0,0.0,0.8181818181818182,0.8181818181818182,0.75,0.75,0.0,0.09925925925925926,0.09925925925925926,1.8,0.15,12.545454545454545,0.8363636363636363,0.8363636363636363,1.0
synthetic_data,heuristic_1,xgboost,genetic_ltlf,baseline,11,2,20,20,0.020887,33.819824,33.840711,0.0,0.0,0.4216666666666667,0.36363636363636354,0.3865277777777778,0.3865277777777778,0.3333333333333332,0.0,0.0,0.1111111111111111,0.09090909090909091,0.10185185185185185,0.10185185185185185,0.08333333333333333,0.0,0.0,0.6,0.5454545454545454,0.5499999999999999,0.5499999999999999,0.49999999999999994,0.0,0.0,0.548032961190856,0.48803827751196166,0.5023635477582846,0.4473684210526315,0.0,0.0,0.1111111111111111,0.09090909090909091,0.10185185185185185,0.08333333333333333,0.0,0.0,0.9,0.8181818181818182,0.825,0.75,0.0,0.10625,0.10625,2.0,0.16666666666666666,16.545454545454543,0.8272727272727272,0.8272727272727272,1.0
synthetic_data,heuristic_2,xgboost,genetic_ltlf,baseline,11,1,5,5,0.026032,4.812352,4.838384,0.0,0.0,0.43636363636363634,0.43636363636363634,0.39999999999999997,0.39999999999999997,0.39999999999999997,0.0,0.0,0.18181818181818182,0.18181818181818182,0.16666666666666666,0.16666666666666666,0.16666666666666666,0.0,0.0,0.5454545454545454,0.5454545454545454,0.49999999999999994,0.49999999999999994,0.49999999999999994,0.0,0.0,0.47818181818181815,0.47272727272727266,0.4383333333333333,0.43333333333333324,0.0,0.0,0.2,0.18181818181818182,0.18333333333333335,0.16666666666666666,0.0,0.0,0.6363636363636364,0.6363636363636364,0.5833333333333333,0.5833333333333333,0.0,0.08666666666666667,0.08666666666666667,2.4,0.2,2.1818181818181817,0.43636363636363634,0.43636363636363634,1.0
synthetic_data,heuristic_2,xgboost,genetic_ltlf,baseline,11,1,10,10,0.026032,7.736664,7.762696,0.0,0.0,0.43636363636363634,0.43636363636363634,0.39999999999999997,0.39999999999999997,0.39999999999999997,0.0,0.0,0.18181818181818182,0.18181818181818182,0.16666666666666666,0.16666666666666666,0.16666666666666666,0.0,0.0,0.6363636363636364,0.6363636363636364,0.5833333333333333,0.5833333333333333,0.5833333333333333,0.0,0.0,0.46650953984287313,0.4565656565656565,0.427633744855967,0.41851851851851846,0.0,0.0,0.1111111111111111,0.09090909090909091,0.10185185185185185,0.08333333333333333,0.0,0.0,0.6363636363636364,0.6363636363636364,0.5833333333333333,0.5833333333333333,0.0,0.09416666666666666,0.09416666666666666,2.4,0.2,4.363636363636363,0.43636363636363634,0.43636363636363634,1.0
synthetic_data,heuristic_2,xgboost,genetic_ltlf,baseline,11,1,15,15,0.026032,10.65058,10.676612,0.0,0.0,0.4,0.4,0.3666666666666667,0.3666666666666667,0.3666666666666667,0.0,0.0,0.18181818181818182,0.18181818181818182,0.16666666666666666,0.16666666666666666,0.16666666666666666,0.0,0.0,0.6363636363636364,0.6363636363636364,0.5833333333333333,0.5833333333333333,0.5833333333333333,0.0,0.0,0.44835978835978835,0.4432900432900433,0.4109964726631393,0.40634920634920635,0.0,0.0,0.09090909090909091,0.09090909090909091,0.08333333333333333,0.08333333333333333,0.0,0.0,0.6363636363636364,0.6363636363636364,0.5833333333333333,0.5833333333333333,0.0,0.09481481481481481,0.09481481481481481,2.2,0.18333333333333332,6.0,0.4,0.4,1.0
synthetic_data,heuristic_2,xgboost,genetic_ltlf,baseline,11,1,20,20,0.026032,14.99081,15.016842,0.0,0.0,0.44545454545454544,0.44545454545454544,0.4083333333333333,0.4083333333333333,0.4083333333333333,0.0,0.0,0.36363636363636365,0.36363636363636365,0.3333333333333333,0.3333333333333333,0.3333333333333333,0.0,0.0,0.5454545454545454,0.5454545454545454,0.49999999999999994,0.49999999999999994,0.49999999999999994,0.0,0.0,0.47668261562998404,0.4607655502392344,0.4369590643274854,0.4223684210526315,0.0,0.0,0.1,0.09090909090909091,0.09166666666666667,0.08333333333333333,0.0,0.0,0.6363636363636364,0.6363636363636364,0.5833333333333333,0.5833333333333333,0.0,0.1003125,0.1003125,2.45,0.20416666666666666,8.909090909090907,0.4454545454545453,0.4454545454545453,1.0
synthetic_data,heuristic_2,xgboost,genetic_ltlf,baseline,11,2,5,5,0.026032,6.158265,6.184297,0.0,0.0,0.5,0.43636363636363634,0.4583333333333333,0.4583333333333333,0.39999999999999997,0.0,0.0,0.4444444444444444,0.36363636363636365,0.4074074074074074,0.4074074074074074,0.3333333333333333,0.0,0.0,0.5555555555555556,0.45454545454545453,0.5092592592592593,0.5092592592592593,0.41666666666666663,0.0,0.0,0.6133333333333333,0.5454545454545454,0.5622222222222222,0.49999999999999994,0.0,0.0,0.2222222222222222,0.18181818181818182,0.2037037037037037,0.16666666666666666,0.0,0.0,0.8,0.7272727272727273,0.7333333333333334,0.6666666666666666,0.0,0.1,0.1,2.4,0.2,4.090909090909091,0.8181818181818181,0.8181818181818181,1.0
synthetic_data,heuristic_2,xgboost,genetic_ltlf,baseline,11,2,10,10,0.026032,9.126814,9.152846,0.0,0.0,0.34111111111111114,0.28181818181818186,0.3126851851851852,0.3126851851851852,0.25833333333333336,0.0,0.0,0.0,0.0,0.0,0.0,0.0,0.0,0.0,0.4444444444444444,0.36363636363636365,0.4074074074074074,0.4074074074074074,0.3333333333333333,0.0,0.0,0.44165784832451493,0.3616161616161616,0.40485302763080533,0.3314814814814815,0.0,0.0,0.2222222222222222,0.18181818181818182,0.2037037037037037,0.16666666666666666,0.0,0.0,0.6666666666666666,0.5454545454545454,0.611111111111111,0.49999999999999994,0.0,0.07458333333333333,0.07458333333333333,1.55,0.12916666666666668,8.909090909090908,0.8909090909090909,0.8909090909090909,1.0
synthetic_data,heuristic_2,xgboost,genetic_ltlf,baseline,11,2,15,15,0.026032,80.193519,80.219551,0.0,0.0,0.4186147186147186,0.3571428571428571,0.3837301587301587,0.3837301587301587,0.32738095238095233,0.0,0.0,0.1111111111111111,0.09090909090909091,0.10185185185185185,0.10185185185185185,0.08333333333333333,0.0,0.0,0.7272727272727273,0.7272727272727273,0.6666666666666666,0.6666666666666666,0.6666666666666666,0.0,0.0,0.5576201576201576,0.4875124875124875,0.5111518111518111,0.44688644688644685,0.0,0.0,0.1111111111111111,0.09090909090909091,0.10185185185185185,0.08333333333333333,0.0,0.0,1.0,0.9090909090909091,0.9166666666666666,0.8333333333333333,0.0,0.10374149659863946,0.10374149659863946,1.9642857142857142,0.1636904761904762,11.909090909090908,0.7939393939393938,0.8506493506493505,1.0
synthetic_data,heuristic_2,xgboost,genetic_ltlf,baseline,11,2,20,20,0.026032,106.679582,106.705614,0.0,0.0,0.4700691121743753,0.40191387559808617,0.430896686159844,0.430896686159844,0.368421052631579,0.0,0.0,0.1111111111111111,0.09090909090909091,0.10185185185185185,0.10185185185185185,0.08333333333333333,0.0,0.0,0.9090909090909091,0.9090909090909091,0.8333333333333333,0.8333333333333333,0.8333333333333333,0.0,0.0,0.5833084394487903,0.5124933545986178,0.5346994028280577,0.4697855750487329,0.0,0.0,0.1111111111111111,0.09090909090909091,0.10185185185185185,0.08333333333333333,0.0,0.0,0.9090909090909091,0.9090909090909091,0.8333333333333333,0.8333333333333333,0.0,0.11126500461680518,0.11126500461680518,2.210526315789474,0.18421052631578946,15.454545454545455,0.7727272727272727,0.8133971291866029,1.0
synthetic_data,mar,xgboost,genetic_ltlf,baseline,11,1,5,5,0.022571,7.742415,7.764986,0.0,0.0,0.6363636363636365,0.6363636363636365,0.5833333333333334,0.5833333333333334,0.5833333333333334,0.0,0.0,0.18181818181818182,0.18181818181818182,0.16666666666666666,0.16666666666666666,0.16666666666666666,0.0,0.0,0.8181818181818182,0.8181818181818182,0.75,0.75,0.75,0.0,0.0,0.8036363636363635,0.8,0.7366666666666665,0.7333333333333334,0.0,0.0,0.4,0.36363636363636365,0.3666666666666667,0.3333333333333333,0.0,0.0,0.9090909090909091,0.9090909090909091,0.8333333333333333,0.8333333333333333,0.0,0.14666666666666667,0.14666666666666667,3.5,0.2916666666666667,3.181818181818182,0.6363636363636365,0.6363636363636365,1.0
synthetic_data,mar,xgboost,genetic_ltlf,baseline,11,1,10,10,0.022571,24.221313,24.243883999999998,0.0,0.0,0.6454545454545455,0.6454545454545455,0.5916666666666667,0.5916666666666667,0.5916666666666667,0.0,0.0,0.18181818181818182,0.18181818181818182,0.16666666666666666,0.16666666666666666,0.16666666666666666,0.0,0.0,0.8181818181818182,0.8181818181818182,0.75,0.75,0.75,0.0,0.0,0.7242424242424244,0.7151515151515151,0.663888888888889,0.6555555555555554,0.0,0.0,0.2727272727272727,0.2727272727272727,0.24999999999999997,0.24999999999999997,0.0,0.0,0.9090909090909091,0.9090909090909091,0.8333333333333333,0.8333333333333333,0.0,0.1475,0.1475,3.55,0.29583333333333334,6.454545454545456,0.6454545454545456,0.6454545454545456,1.0
synthetic_data,mar,xgboost,genetic_ltlf,baseline,11,1,15,15,0.022571,35.276398,35.298969,0.0,0.0,0.6060606060606061,0.6060606060606061,0.5555555555555556,0.5555555555555556,0.5555555555555556,0.0,0.0,0.18181818181818182,0.18181818181818182,0.16666666666666666,0.16666666666666666,0.16666666666666666,0.0,0.0,0.8181818181818182,0.8181818181818182,0.75,0.75,0.75,0.0,0.0,0.6360750360750361,0.6337662337662338,0.5830687830687831,0.5809523809523809,0.0,0.0,0.09090909090909091,0.09090909090909091,0.08333333333333333,0.08333333333333333,0.0,0.0,0.9090909090909091,0.9090909090909091,0.8333333333333333,0.8333333333333333,0.0,0.13555555555555557,0.13555555555555557,3.3333333333333335,0.2777777777777778,9.090909090909092,0.6060606060606061,0.6060606060606061,1.0
synthetic_data,mar,xgboost,genetic_ltlf,baseline,11,1,20,20,0.022571,43.437786,43.460357,0.0,0.0,0.5909090909090909,0.5909090909090909,0.5416666666666666,0.5416666666666666,0.5416666666666666,0.0,0.0,0.36363636363636365,0.36363636363636365,0.3333333333333333,0.3333333333333333,0.3333333333333333,0.0,0.0,0.8181818181818182,0.8181818181818182,0.75,0.75,0.75,0.0,0.0,0.6049920255183414,0.6038277511961722,0.5545760233918129,0.5535087719298245,0.0,0.0,0.09090909090909091,0.09090909090909091,0.08333333333333333,0.08333333333333333,0.0,0.0,0.9090909090909091,0.9090909090909091,0.8333333333333333,0.8333333333333333,0.0,0.13145833333333334,0.13145833333333334,3.25,0.2708333333333333,11.818181818181818,0.5909090909090909,0.5909090909090909,1.0
synthetic_data,mar,xgboost,genetic_ltlf,baseline,11,2,5,5,0.022571,8.096744,8.119314999999999,0.0,0.0,0.6218181818181818,0.5636363636363636,0.57,0.57,0.5166666666666666,0.0,0.0,0.4444444444444444,0.36363636363636365,0.4074074074074074,0.4074074074074074,0.3333333333333333,0.0,0.0,0.9090909090909091,0.9090909090909091,0.8333333333333333,0.8333333333333333,0.8333333333333333,0.0,0.0,0.6485858585858586,0.6181818181818182,0.594537037037037,0.5666666666666667,0.0,0.0,0.2222222222222222,0.18181818181818182,0.2037037037037037,0.16666666666666666,0.0,0.0,0.9090909090909091,0.9090909090909091,0.8333333333333333,0.8333333333333333,0.0,0.11333333333333333,0.11333333333333333,3.1,0.25833333333333336,3.363636363636364,0.6727272727272728,0.6727272727272728,1.0
synthetic_data,mar,xgboost,genetic_ltlf,baseline,11,2,10,10,0.022571,137.618354,137.640925,0.0,0.0,0.5232323232323233,0.46464646464646464,0.47962962962962963,0.47962962962962963,0.42592592592592593,0.0,0.0,0.0,0.0,0.0,0.0,0.0,0.0,0.0,0.9090909090909091,0.9090909090909091,0.8333333333333333,0.8333333333333333,0.8333333333333333,0.0,0.0,0.6511223344556679,0.5984848484848484,0.5968621399176955,0.548611111111111,0.0,0.0,0.1,0.09090909090909091,0.09166666666666667,0.08333333333333333,0.0,0.0,0.9090909090909091,0.9090909090909091,0.8333333333333333,0.8333333333333333,0.0,0.12191358024691358,0.12191358024691358,2.5555555555555554,0.21296296296296297,6.818181818181818,0.6818181818181819,0.7575757575757576,1.0
synthetic_data,mar,xgboost,genetic_ltlf,baseline,11,2,15,15,0.022571,276.508114,276.530685,0.0,0.0,0.4525974025974027,0.4025974025974025,0.41488095238095246,0.41488095238095246,0.36904761904761896,0.0,0.0,0.1111111111111111,0.09090909090909091,0.10185185185185185,0.10185185185185185,0.08333333333333333,0.0,0.0,0.9090909090909091,0.9090909090909091,0.8333333333333333,0.8333333333333333,0.8333333333333333,0.0,0.0,0.5887445887445888,0.5444555444555444,0.5396825396825397,0.49908424908424903,0.0,0.0,0.1,0.09090909090909091,0.09166666666666667,0.08333333333333333,0.0,0.0,0.9090909090909091,0.9090909090909091,0.8333333333333333,0.8333333333333333,0.0,0.11585884353741496,0.11585884353741496,2.2142857142857144,0.18452380952380953,11.0,0.7333333333333333,0.7857142857142857,1.0
synthetic_data,mar,xgboost,genetic_ltlf,baseline,11,2,20,20,0.022571,298.976078,298.998649,0.0,0.0,0.45130249867091976,0.3971291866028707,0.4136939571150098,0.4136939571150098,0.36403508771929816,0.0,0.0,0.1111111111111111,0.09090909090909091,0.10185185185185185,0.10185185185185185,0.08333333333333333,0.0,0.0,0.9090909090909091,0.9090909090909091,0.8333333333333333,0.8333333333333333,0.8333333333333333,0.0,0.0,0.56468190678717,0.5188729399255716,0.5176250812215725,0.4756335282651073,0.0,0.0,0.1,0.09090909090909091,0.09166666666666667,0.08333333333333333,0.0,0.0,0.9090909090909091,0.9090909090909091,0.8333333333333333,0.8333333333333333,0.0,0.11265004616805172,0.11265004616805172,2.1842105263157894,0.18201754385964913,15.545454545454545,0.7772727272727272,0.8181818181818181,1.0
synthetic_data,heuristic_1,xgboost,genetic_ltlf_baseline_operators,baseline,13,1,5,5,0.03578,3.950052,3.985832,0.0,0.0,0.6166666666666667,0.5692307692307692,0.5726190476190477,0.5726190476190477,0.5285714285714286,0.0,0.0,0.5833333333333334,0.5384615384615384,0.5416666666666667,0.5416666666666667,0.5,0.0,0.0,0.6666666666666666,0.6153846153846154,0.6190476190476191,0.6190476190476191,0.5714285714285715,0.0,0.0,0.6310606060606061,0.5692307692307693,0.5859848484848486,0.5285714285714287,0.0,0.0,0.18181818181818182,0.15384615384615385,0.16883116883116883,0.14285714285714288,0.0,0.0,0.8333333333333334,0.7692307692307693,0.7738095238095238,0.7142857142857143,0.0,0.10571428571428572,0.10571428571428572,3.7,0.2642857142857143,2.846153846153846,0.5692307692307692,0.5692307692307692,1.0
synthetic_data,heuristic_1,xgboost,genetic_ltlf_baseline_operators,baseline,13,1,10,10,0.03578,3.706986,3.742766,0.0,0.0,0.632051282051282,0.5923076923076922,0.5869047619047619,0.5869047619047619,0.5499999999999999,0.0,0.0,0.5384615384615384,0.5384615384615384,0.5,0.5,0.5,0.0,0.0,0.75,0.6923076923076923,0.6964285714285714,0.6964285714285714,0.6428571428571429,0.0,0.0,0.49204351204351204,0.4427350427350428,0.4568975468975469,0.4111111111111112,0.0,0.0,0.07692307692307693,0.07692307692307693,0.07142857142857144,0.07142857142857144,0.0,0.0,0.8181818181818182,0.7692307692307693,0.7597402597402598,0.7142857142857143,0.0,0.0925,0.0925,3.85,0.275,5.923076923076923,0.5923076923076923,0.5923076923076923,1.0
synthetic_data,heuristic_1,xgboost,genetic_ltlf_baseline_operators,baseline,13,1,15,15,0.03578,6.210165,6.245945,0.0,0.0,0.5858974358974359,0.5435897435897435,0.5440476190476191,0.5440476190476191,0.5047619047619047,0.0,0.0,0.5,0.46153846153846156,0.4642857142857143,0.4642857142857143,0.4285714285714286,0.0,0.0,0.6666666666666666,0.6153846153846154,0.6190476190476191,0.6190476190476191,0.5714285714285715,0.0,0.0,0.5520757020757021,0.5157509157509157,0.5126417233560091,0.47891156462585033,0.0,0.0,0.08333333333333333,0.07692307692307693,0.07738095238095238,0.07142857142857144,0.0,0.0,0.8333333333333334,0.7692307692307693,0.7738095238095238,0.7142857142857143,0.0,0.11174603174603175,0.11174603174603175,3.533333333333333,0.2523809523809524,8.153846153846153,0.5435897435897435,0.5435897435897435,1.0
synthetic_data,heuristic_1,xgboost,genetic_ltlf_baseline_operators,baseline,13,1,20,20,0.03578,7.743791,7.779571,0.0,0.0,0.558974358974359,0.5269230769230769,0.5190476190476191,0.5190476190476191,0.4892857142857143,0.0,0.0,0.38461538461538464,0.38461538461538464,0.35714285714285715,0.35714285714285715,0.35714285714285715,0.0,0.0,0.6666666666666666,0.6153846153846154,0.6190476190476191,0.6190476190476191,0.5714285714285715,0.0,0.0,0.5564439946018893,0.5331983805668016,0.5166979949874687,0.49511278195488717,0.0,0.0,0.07692307692307693,0.07692307692307693,0.07142857142857144,0.07142857142857144,0.0,0.0,0.8461538461538461,0.8461538461538461,0.7857142857142857,0.7857142857142857,0.0,0.11758928571428572,0.11758928571428572,3.425,0.24464285714285713,10.538461538461537,0.5269230769230768,0.5269230769230768,1.0
synthetic_data,heuristic_1,xgboost,genetic_ltlf_baseline_operators,baseline,13,2,5,5,0.03578,14.944579,14.980359,0.0,0.0,0.608080808080808,0.476923076923077,0.5646464646464646,0.5646464646464646,0.44285714285714295,0.0,0.0,0.4444444444444444,0.3076923076923077,0.4126984126984127,0.4126984126984127,0.28571428571428575,0.0,0.0,0.8181818181818182,0.6923076923076923,0.7597402597402598,0.7597402597402598,0.6428571428571429,0.0,0.0,0.6154040404040403,0.5307692307692307,0.5714466089466088,0.49285714285714277,0.0,0.0,0.2222222222222222,0.15384615384615385,0.20634920634920634,0.14285714285714288,0.0,0.0,0.8333333333333334,0.7692307692307693,0.7738095238095238,0.7142857142857143,0.0,0.09857142857142857,0.09857142857142857,3.1,0.22142857142857142,3.692307692307692,0.7384615384615384,0.7384615384615384,0.8
synthetic_data,heuristic_1,xgboost,genetic_ltlf_baseline_operators,baseline,13,2,10,10,0.03578,20.023251,20.059030999999997,0.0,0.0,0.5743783993783994,0.48461538461538467,0.5333513708513709,0.5333513708513709,0.45000000000000007,0.0,0.0,0.2222222222222222,0.15384615384615385,0.20634920634920634,0.20634920634920634,0.14285714285714288,0.0,0.0,0.9230769230769231,0.9230769230769231,0.8571428571428572,0.8571428571428572,0.8571428571428572,0.0,0.0,0.6163403263403263,0.5555555555555556,0.5723160173160173,0.5158730158730159,0.0,0.0,0.18181818181818182,0.15384615384615385,0.16883116883116883,0.14285714285714288,0.0,0.0,0.8461538461538461,0.8461538461538461,0.7857142857142857,0.7857142857142857,0.0,0.11607142857142858,0.11607142857142858,3.15,0.225,7.230769230769231,0.7230769230769231,0.7230769230769231,1.0
synthetic_data,heuristic_1,xgboost,genetic_ltlf_baseline_operators,baseline,13,2,15,15,0.03578,24.962162,24.997942,0.0,0.0,0.5323232323232323,0.4512820512820513,0.4943001443001443,0.4943001443001443,0.41904761904761906,0.0,0.0,0.2222222222222222,0.15384615384615385,0.20634920634920634,0.20634920634920634,0.14285714285714288,0.0,0.0,0.75,0.6923076923076923,0.6964285714285714,0.6964285714285714,0.6428571428571429,0.0,0.0,0.4897480297480297,0.43956043956043955,0.4547660276231705,0.40816326530612246,0.0,0.0,0.08333333333333333,0.07692307692307693,0.07738095238095238,0.07142857142857144,0.0,0.0,0.8333333333333334,0.7692307692307693,0.7738095238095238,0.7142857142857143,0.0,0.09523809523809523,0.09523809523809523,2.933333333333333,0.20952380952380953,11.692307692307693,0.7794871794871796,0.7794871794871796,0.9333333333333333
synthetic_data,heuristic_1,xgboost,genetic_ltlf_baseline_operators,baseline,13,2,20,20,0.03578,29.683511,29.719291,0.0,0.0,0.5940248640248641,0.5038461538461538,0.5515945165945166,0.5515945165945166,0.46785714285714286,0.0,0.0,0.2222222222222222,0.15384615384615385,0.20634920634920634,0.20634920634920634,0.14285714285714288,0.0,0.0,0.8461538461538461,0.8461538461538461,0.7857142857142857,0.7857142857142857,0.7857142857142857,0.0,0.0,0.5022072956283483,0.44777327935222666,0.46633534594060916,0.4157894736842105,0.0,0.0,0.09090909090909091,0.07692307692307693,0.08441558441558442,0.07142857142857144,0.0,0.0,0.9090909090909091,0.8461538461538461,0.8441558441558441,0.7857142857142857,0.0,0.09875,0.09875,3.275,0.23392857142857143,16.153846153846157,0.8076923076923078,0.8076923076923078,1.0
synthetic_data,heuristic_1,xgboost,genetic_ltlf,baseline,13,1,5,5,0.031994,6.596818,6.628812,0.0,0.0,0.33333333333333337,0.3076923076923077,0.3095238095238096,0.3095238095238096,0.28571428571428575,0.0,0.0,0.25,0.23076923076923078,0.23214285714285715,0.23214285714285715,0.2142857142857143,0.0,0.0,0.4166666666666667,0.38461538461538464,0.3869047619047619,0.3869047619047619,0.35714285714285715,0.0,0.0,0.4598484848484848,0.4230769230769231,0.42700216450216444,0.39285714285714285,0.0,0.0,0.16666666666666666,0.15384615384615385,0.15476190476190477,0.14285714285714288,0.0,0.0,0.5833333333333334,0.5384615384615384,0.5416666666666667,0.5,0.0,0.07857142857142857,0.07857142857142857,2.0,0.14285714285714285,1.5384615384615385,0.3076923076923077,0.3076923076923077,1.0
synthetic_data,heuristic_1,xgboost,genetic_ltlf,baseline,13,1,10,10,0.031994,9.716342,9.748335999999998,0.0,0.0,0.39166666666666666,0.36153846153846153,0.3636904761904762,0.3636904761904762,0.33571428571428574,0.0,0.0,0.3333333333333333,0.3076923076923077,0.30952380952380953,0.30952380952380953,0.28571428571428575,0.0,0.0,0.5,0.46153846153846156,0.4642857142857143,0.4642857142857143,0.4285714285714286,0.0,0.0,0.5265993265993266,0.4803418803418803,0.488985088985089,0.446031746031746,0.0,0.0,0.2727272727272727,0.23076923076923078,0.2532467532467532,0.2142857142857143,0.0,0.0,0.6666666666666666,0.6153846153846154,0.6190476190476191,0.5714285714285715,0.0,0.10035714285714285,0.10035714285714285,2.35,0.16785714285714284,3.615384615384615,0.3615384615384615,0.3615384615384615,1.0
synthetic_data,heuristic_1,xgboost,genetic_ltlf,baseline,13,1,15,15,0.031994,16.849143,16.881137000000003,0.0,0.0,0.38675213675213665,0.3589743589743589,0.3591269841269841,0.3591269841269841,0.3333333333333333,0.0,0.0,0.3333333333333333,0.3076923076923077,0.30952380952380953,0.30952380952380953,0.28571428571428575,0.0,0.0,0.5,0.46153846153846156,0.4642857142857143,0.4642857142857143,0.4285714285714286,0.0,0.0,0.3889443889443889,0.350915750915751,0.36116264687693256,0.3258503401360545,0.0,0.0,0.09090909090909091,0.07692307692307693,0.08441558441558442,0.07142857142857144,0.0,0.0,0.5833333333333334,0.5384615384615384,0.5416666666666667,0.5,0.0,0.07603174603174603,0.07603174603174603,2.3333333333333335,0.16666666666666666,5.384615384615385,0.358974358974359,0.358974358974359,1.0
synthetic_data,heuristic_1,xgboost,genetic_ltlf,baseline,13,1,20,20,0.031994,17.615813,17.647807,0.0,0.0,0.45961538461538465,0.4269230769230769,0.4267857142857143,0.4267857142857143,0.3964285714285714,0.0,0.0,0.3076923076923077,0.3076923076923077,0.28571428571428575,0.28571428571428575,0.28571428571428575,0.0,0.0,0.5833333333333334,0.5384615384615384,0.5416666666666667,0.5416666666666667,0.5,0.0,0.0,0.5537602748129065,0.5129554655870445,0.5142059694691274,0.4763157894736842,0.0,0.0,0.16666666666666666,0.15384615384615385,0.15476190476190477,0.14285714285714288,0.0,0.0,0.75,0.6923076923076923,0.6964285714285714,0.6428571428571429,0.0,0.113125,0.113125,2.775,0.1982142857142857,8.538461538461538,0.4269230769230769,0.4269230769230769,1.0
synthetic_data,heuristic_1,xgboost,genetic_ltlf,baseline,13,2,5,5,0.031994,34.136431,34.168425,0.0,0.0,0.552020202020202,0.43076923076923085,0.5125901875901876,0.5125901875901876,0.4000000000000001,0.0,0.0,0.4444444444444444,0.3076923076923077,0.4126984126984127,0.4126984126984127,0.28571428571428575,0.0,0.0,0.75,0.6923076923076923,0.6964285714285714,0.6964285714285714,0.6428571428571429,0.0,0.0,0.6540404040404041,0.5692307692307692,0.6073232323232324,0.5285714285714286,0.0,0.0,0.2222222222222222,0.15384615384615385,0.20634920634920634,0.14285714285714288,0.0,0.0,1.0,0.9230769230769231,0.9285714285714286,0.8571428571428572,0.0,0.10571428571428572,0.10571428571428572,2.8,0.2,4.0,0.8,0.8,1.0
synthetic_data,heuristic_1,xgboost,genetic_ltlf,baseline,13,2,10,10,0.031994,58.282631,58.314625,0.0,0.0,0.5527777777777778,0.4615384615384615,0.5132936507936509,0.5132936507936509,0.42857142857142855,0.0,0.0,0.2222222222222222,0.15384615384615385,0.20634920634920634,0.20634920634920634,0.14285714285714288,0.0,0.0,0.8333333333333334,0.7692307692307693,0.7738095238095238,0.7738095238095238,0.7142857142857143,0.0,0.0,0.6745005611672277,0.5914529914529917,0.6263219496552829,0.5492063492063495,0.0,0.0,0.09090909090909091,0.07692307692307693,0.08441558441558442,0.07142857142857144,0.0,0.0,1.0,0.9230769230769231,0.9285714285714286,0.8571428571428572,0.0,0.12357142857142857,0.12357142857142857,3.0,0.21428571428571427,7.846153846153846,0.7846153846153846,0.7846153846153846,1.0
synthetic_data,heuristic_1,xgboost,genetic_ltlf,baseline,13,2,15,15,0.031994,82.77332,82.805314,0.0,0.0,0.5398704998704998,0.4666666666666667,0.5013083213083213,0.5013083213083213,0.43333333333333335,0.0,0.0,0.2222222222222222,0.15384615384615385,0.20634920634920634,0.20634920634920634,0.14285714285714288,0.0,0.0,0.8461538461538461,0.8461538461538461,0.7857142857142857,0.7857142857142857,0.7857142857142857,0.0,0.0,0.6726281126281125,0.6117216117216117,0.6245832474403902,0.5680272108843537,0.0,0.0,0.1111111111111111,0.07692307692307693,0.10317460317460317,0.07142857142857144,0.0,0.0,1.0,1.0,0.9285714285714286,0.9285714285714286,0.0,0.13253968253968254,0.13253968253968254,3.033333333333333,0.21666666666666667,12.153846153846157,0.8102564102564105,0.8102564102564105,1.0
synthetic_data,heuristic_1,xgboost,genetic_ltlf,baseline,13,2,20,20,0.031994,106.179099,106.21109299999999,0.0,0.0,0.5301864801864803,0.46153846153846156,0.49231601731601743,0.49231601731601743,0.4285714285714286,0.0,0.0,0.2222222222222222,0.15384615384615385,0.20634920634920634,0.20634920634920634,0.14285714285714288,0.0,0.0,0.8461538461538461,0.8461538461538461,0.7857142857142857,0.7857142857142857,0.7857142857142857,0.0,0.0,0.655651862757126,0.5906882591093117,0.6088195868459026,0.5484962406015037,0.0,0.0,0.1111111111111111,0.07692307692307693,0.10317460317460317,0.07142857142857144,0.0,0.0,1.0,1.0,0.9285714285714286,0.9285714285714286,0.0,0.13026785714285713,0.13026785714285713,3.0,0.21428571428571427,15.615384615384619,0.7807692307692309,0.7807692307692309,1.0
synthetic_data,heuristic_2,xgboost,genetic_ltlf,baseline,13,1,5,5,0.028204,5.947446,5.97565,0.0,0.0,0.4,0.36923076923076925,0.37142857142857144,0.37142857142857144,0.34285714285714286,0.0,0.0,0.25,0.23076923076923078,0.23214285714285715,0.23214285714285715,0.2142857142857143,0.0,0.0,0.5,0.46153846153846156,0.4642857142857143,0.4642857142857143,0.4285714285714286,0.0,0.0,0.3762121212121212,0.3230769230769231,0.34933982683982684,0.30000000000000004,0.0,0.0,0.09090909090909091,0.07692307692307693,0.08441558441558442,0.07142857142857144,0.0,0.0,0.6363636363636364,0.5384615384615384,0.5909090909090909,0.5,0.0,0.06,0.06,2.4,0.17142857142857143,1.8461538461538463,0.36923076923076925,0.36923076923076925,1.0
synthetic_data,heuristic_2,xgboost,genetic_ltlf,baseline,13,1,10,10,0.028204,11.103309,11.131513,0.0,0.0,0.5416666666666667,0.5,0.5029761904761906,0.5029761904761906,0.4642857142857143,0.0,0.0,0.5,0.46153846153846156,0.4642857142857143,0.4642857142857143,0.4285714285714286,0.0,0.0,0.6666666666666666,0.6153846153846154,0.6190476190476191,0.6190476190476191,0.5714285714285715,0.0,0.0,0.5581593714927049,0.47863247863247876,0.5182908449575117,0.4444444444444446,0.0,0.0,0.3,0.23076923076923078,0.2785714285714286,0.2142857142857143,0.0,0.0,0.6666666666666666,0.6153846153846154,0.6190476190476191,0.5714285714285715,0.0,0.1,0.1,3.25,0.23214285714285715,5.0,0.5,0.5,1.0
synthetic_data,heuristic_2,xgboost,genetic_ltlf,baseline,13,1,15,15,0.028204,13.691704,13.719908,0.0,0.0,0.544017094017094,0.5076923076923077,0.5051587301587301,0.5051587301587301,0.4714285714285714,0.0,0.0,0.4166666666666667,0.38461538461538464,0.3869047619047619,0.3869047619047619,0.35714285714285715,0.0,0.0,0.5833333333333334,0.5384615384615384,0.5416666666666667,0.5416666666666667,0.5,0.0,0.0,0.5631684981684982,0.4952380952380953,0.5229421768707484,0.45986394557823135,0.0,0.0,0.125,0.07692307692307693,0.11607142857142858,0.07142857142857144,0.0,0.0,0.75,0.6923076923076923,0.6964285714285714,0.6428571428571429,0.0,0.1073015873015873,0.1073015873015873,3.3,0.2357142857142857,7.615384615384615,0.5076923076923077,0.5076923076923077,1.0
synthetic_data,heuristic_2,xgboost,genetic_ltlf,baseline,13,1,20,20,0.028204,17.941275,17.969479,0.0,0.0,0.49198717948717946,0.45769230769230773,0.4568452380952381,0.4568452380952381,0.42500000000000004,0.0,0.0,0.38461538461538464,0.38461538461538464,0.35714285714285715,0.35714285714285715,0.35714285714285715,0.0,0.0,0.6666666666666666,0.6153846153846154,0.6190476190476191,0.6190476190476191,0.5714285714285715,0.0,0.0,0.5670052754263282,0.5089068825910932,0.5265048986101619,0.4725563909774437,0.0,0.0,0.18181818181818182,0.15384615384615385,0.16883116883116883,0.14285714285714288,0.0,0.0,0.75,0.6923076923076923,0.6964285714285714,0.6428571428571429,0.0,0.11223214285714286,0.11223214285714286,2.975,0.2125,9.153846153846155,0.45769230769230773,0.45769230769230773,1.0
synthetic_data,heuristic_2,xgboost,genetic_ltlf,baseline,13,2,5,5,0.028204,34.768489,34.796693000000005,0.0,0.0,0.5025252525252525,0.3653846153846154,0.4666305916305916,0.4666305916305916,0.3392857142857143,0.0,0.0,0.4444444444444444,0.3076923076923077,0.4126984126984127,0.4126984126984127,0.28571428571428575,0.0,0.0,0.6666666666666666,0.46153846153846156,0.6190476190476191,0.6190476190476191,0.4285714285714286,0.0,0.0,0.4511784511784511,0.35897435897435903,0.4189514189514189,0.33333333333333337,0.0,0.0,0.2222222222222222,0.15384615384615385,0.20634920634920634,0.14285714285714288,0.0,0.0,0.7272727272727273,0.6153846153846154,0.6753246753246753,0.5714285714285715,0.0,0.0625,0.0625,2.375,0.16964285714285715,3.230769230769231,0.6461538461538462,0.8076923076923077,1.0
synthetic_data,heuristic_2,xgboost,genetic_ltlf,baseline,13,2,10,10,0.028204,59.987513,60.015717,0.0,0.0,0.4832323232323231,0.34615384615384615,0.4487157287157286,0.4487157287157286,0.32142857142857145,0.0,0.0,0.2222222222222222,0.15384615384615385,0.20634920634920634,0.20634920634920634,0.14285714285714288,0.0,0.0,0.6,0.46153846153846156,0.5571428571428572,0.5571428571428572,0.4285714285714286,0.0,0.0,0.5756116722783389,0.41025641025641024,0.5344965528298861,0.38095238095238093,0.0,0.0,0.0,0.0,0.0,0.0,0.0,0.0,0.9,0.6923076923076923,0.8357142857142857,0.6428571428571429,0.0,0.08571428571428572,0.08571428571428572,2.25,0.16071428571428573,8.76923076923077,0.876923076923077,0.876923076923077,1.0
synthetic_data,heuristic_2,xgboost,genetic_ltlf,baseline,13,2,15,15,0.028204,85.126742,85.154946,0.0,0.0,0.5297591297591298,0.39644970414201186,0.4919191919191919,0.4919191919191919,0.36813186813186816,0.0,0.0,0.2222222222222222,0.15384615384615385,0.20634920634920634,0.20634920634920634,0.14285714285714288,0.0,0.0,0.6666666666666666,0.5384615384615384,0.6190476190476191,0.6190476190476191,0.5,0.0,0.0,0.6968799718799719,0.532544378698225,0.6471028310314024,0.4945054945054947,0.0,0.0,0.1111111111111111,0.07692307692307693,0.10317460317460317,0.07142857142857144,0.0,0.0,1.0,0.7692307692307693,0.9285714285714286,0.7142857142857143,0.0,0.11411665257819104,0.11411665257819104,2.576923076923077,0.18406593406593408,10.53846153846154,0.7025641025641026,0.8106508875739646,1.0
synthetic_data,heuristic_2,xgboost,genetic_ltlf,baseline,13,2,20,20,0.028204,108.851853,108.88005700000001,0.0,0.0,0.47474747474747475,0.3619909502262444,0.44083694083694086,0.44083694083694086,0.33613445378151263,0.0,0.0,0.2222222222222222,0.15384615384615385,0.20634920634920634,0.20634920634920634,0.14285714285714288,0.0,0.0,0.6363636363636364,0.5384615384615384,0.5909090909090909,0.5909090909090909,0.5,0.0,0.0,0.6186787477228654,0.48981900452488686,0.5744874085998035,0.45483193277310924,0.0,0.0,0.1111111111111111,0.07692307692307693,0.10317460317460317,0.07142857142857144,0.0,0.0,0.9090909090909091,0.7692307692307693,0.8441558441558441,0.7142857142857143,0.0,0.10701927829955511,0.10701927829955511,2.3529411764705883,0.16806722689075632,13.923076923076927,0.6961538461538463,0.819004524886878,1.0
synthetic_data,mar,xgboost,genetic_ltlf,baseline,13,1,5,5,0.027999,12.787017,12.815016,0.0,0.0,0.8,0.7384615384615384,0.7428571428571429,0.7428571428571429,0.6857142857142857,0.0,0.0,0.75,0.6923076923076923,0.6964285714285714,0.6964285714285714,0.6428571428571429,0.0,0.0,0.8333333333333334,0.7692307692307693,0.7738095238095238,0.7738095238095238,0.7142857142857143,0.0,0.0,0.7555555555555556,0.6923076923076924,0.7015873015873016,0.642857142857143,0.0,0.0,0.2222222222222222,0.15384615384615385,0.20634920634920634,0.14285714285714288,0.0,0.0,0.9166666666666666,0.8461538461538461,0.8511904761904762,0.7857142857142857,0.0,0.12857142857142856,0.12857142857142856,4.8,0.34285714285714286,3.692307692307692,0.7384615384615384,0.7384615384615384,1.0
synthetic_data,mar,xgboost,genetic_ltlf,baseline,13,1,10,10,0.027999,32.122023,32.150022,0.0,0.0,0.7666666666666666,0.7076923076923076,0.7119047619047619,0.7119047619047619,0.6571428571428571,0.0,0.0,0.6666666666666666,0.6153846153846154,0.6190476190476191,0.6190476190476191,0.5714285714285715,0.0,0.0,0.8333333333333334,0.7692307692307693,0.7738095238095238,0.7738095238095238,0.7142857142857143,0.0,0.0,0.5328282828282828,0.45299145299145305,0.49476911976911975,0.4206349206349207,0.0,0.0,0.1,0.07692307692307693,0.09285714285714286,0.07142857142857144,0.0,0.0,0.9166666666666666,0.8461538461538461,0.8511904761904762,0.7857142857142857,0.0,0.09464285714285714,0.09464285714285714,4.6,0.32857142857142857,7.0769230769230775,0.7076923076923077,0.7076923076923077,1.0
synthetic_data,mar,xgboost,genetic_ltlf,baseline,13,1,15,15,0.027999,22.380121,22.40812,0.0,0.0,0.783760683760684,0.7435897435897438,0.727777777777778,0.727777777777778,0.6904761904761907,0.0,0.0,0.6923076923076923,0.6923076923076923,0.6428571428571429,0.6428571428571429,0.6428571428571429,0.0,0.0,0.8461538461538461,0.8461538461538461,0.7857142857142857,0.7857142857142857,0.7857142857142857,0.0,0.0,0.6869622969622968,0.6446886446886447,0.6378935614649899,0.598639455782313,0.0,0.0,0.1,0.07692307692307693,0.09285714285714286,0.07142857142857144,0.0,0.0,0.9230769230769231,0.9230769230769231,0.8571428571428572,0.8571428571428572,0.0,0.13968253968253969,0.13968253968253969,4.833333333333333,0.34523809523809523,11.153846153846159,0.743589743589744,0.743589743589744,1.0
synthetic_data,mar,xgboost,genetic_ltlf,baseline,13,1,20,20,0.027999,41.830502,41.858501000000004,0.0,0.0,0.746474358974359,0.7,0.6931547619047619,0.6931547619047619,0.65,0.0,0.0,0.5833333333333334,0.5384615384615384,0.5416666666666667,0.5416666666666667,0.5,0.0,0.0,0.8333333333333334,0.7692307692307693,0.7738095238095238,0.7738095238095238,0.7142857142857143,0.0,0.0,0.7277812538338855,0.6740890688259109,0.6757968785600366,0.6259398496240601,0.0,0.0,0.1,0.07692307692307693,0.09285714285714286,0.07142857142857144,0.0,0.0,0.9230769230769231,0.9230769230769231,0.8571428571428572,0.8571428571428572,0.0,0.14866071428571428,0.14866071428571428,4.55,0.325,14.000000000000002,0.7000000000000001,0.7000000000000001,1.0
synthetic_data,mar,xgboost,genetic_ltlf,baseline,13,2,5,5,0.027999,84.537207,84.56520599999999,0.0,0.0,0.5025252525252525,0.3653846153846154,0.4666305916305916,0.4666305916305916,0.3392857142857143,0.0,0.0,0.4444444444444444,0.3076923076923077,0.4126984126984127,0.4126984126984127,0.28571428571428575,0.0,0.0,0.6666666666666666,0.46153846153846156,0.6190476190476191,0.6190476190476191,0.4285714285714286,0.0,0.0,0.4511784511784511,0.35897435897435903,0.4189514189514189,0.33333333333333337,0.0,0.0,0.2222222222222222,0.15384615384615385,0.20634920634920634,0.14285714285714288,0.0,0.0,0.7272727272727273,0.6153846153846154,0.6753246753246753,0.5714285714285715,0.0,0.0625,0.0625,2.375,0.16964285714285715,3.230769230769231,0.6461538461538462,0.8076923076923077,1.0
synthetic_data,mar,xgboost,genetic_ltlf,baseline,13,2,10,10,0.027999,198.016414,198.044413,0.0,0.0,0.5411616161616162,0.4230769230769231,0.5025072150072151,0.5025072150072151,0.39285714285714285,0.0,0.0,0.2222222222222222,0.15384615384615385,0.20634920634920634,0.20634920634920634,0.14285714285714288,0.0,0.0,0.7272727272727273,0.6153846153846154,0.6753246753246753,0.6753246753246753,0.5714285714285715,0.0,0.0,0.5687049062049062,0.46978021978021983,0.5280831271902701,0.43622448979591844,0.0,0.0,0.2,0.15384615384615385,0.18571428571428572,0.14285714285714288,0.0,0.0,0.8181818181818182,0.6923076923076923,0.7597402597402598,0.6428571428571429,0.0,0.09542410714285714,0.09542410714285714,2.75,0.19642857142857142,6.230769230769231,0.6230769230769231,0.7788461538461539,1.0
synthetic_data,mar,xgboost,genetic_ltlf,baseline,13,2,15,15,0.027999,132.314954,132.342953,0.0,0.0,0.5651974288337925,0.43356643356643354,0.5248261839170931,0.5248261839170931,0.40259740259740256,0.0,0.0,0.2222222222222222,0.15384615384615385,0.20634920634920634,0.20634920634920634,0.14285714285714288,0.0,0.0,0.7272727272727273,0.6153846153846154,0.6753246753246753,0.6753246753246753,0.5714285714285715,0.0,0.0,0.4680624426078973,0.37202797202797194,0.4346294109930475,0.3454545454545454,0.0,0.0,0.1,0.07692307692307693,0.09285714285714286,0.07142857142857144,0.0,0.0,0.8181818181818182,0.6923076923076923,0.7597402597402598,0.6428571428571429,0.0,0.07851239669421488,0.07851239669421488,2.8181818181818183,0.2012987012987013,8.461538461538462,0.5641025641025641,0.7692307692307693,1.0
synthetic_data,mar,xgboost,genetic_ltlf,baseline,13,2,20,20,0.027999,3341.89941,3341.927409,0.0,0.0,0.5997502497502498,0.47802197802197793,0.5569109461966606,0.5569109461966606,0.4438775510204081,0.0,0.0,0.2222222222222222,0.15384615384615385,0.20634920634920634,0.20634920634920634,0.14285714285714288,0.0,0.0,0.8,0.7692307692307693,0.7428571428571429,0.7428571428571429,0.7142857142857143,0.0,0.0,0.6104293142754681,0.5198647506339813,0.566827220398649,0.48273155416012553,0.0,0.0,0.1,0.07692307692307693,0.09285714285714286,0.07142857142857144,0.0,0.0,0.9230769230769231,0.9230769230769231,0.8571428571428572,0.8571428571428572,0.0,0.11206268221574343,0.11206268221574343,3.107142857142857,0.22193877551020408,10.692307692307692,0.5346153846153846,0.7637362637362637,1.0
